parasite,host,cooc,p
Palaeopsylla soricis,Cricetulus migratorius,true,0.781375243798287
Corrodopsylla birulai,Cricetulus migratorius,true,0.7811597995285905
Neopsylla mana,Apodemus flavicollis,true,0.7809918536581332
Corrodopsylla birulai,Apodemus flavicollis,false,0.7804095082966213
Ctenophthalmus assimilis,Apodemus peninsulae,true,0.7803414451603892
Stenoponia vlasovi,Apodemus agrarius,true,0.780007922100388
Megabothris rectangulatus,Apodemus sylvaticus,false,0.779428755476676
Rhadinopsylla li,Apodemus sylvaticus,false,0.7786511633901376
Peromyscopsylla bidentata,Cricetulus migratorius,true,0.778448848124355
Frontopsylla elata,Apodemus sylvaticus,false,0.7783233480298948
Rostropsylla daca,Clethrionomys rufocanus,false,0.7781771980690112
Megabothris walkeri,Apodemus flavicollis,true,0.7781729547895113
Amphipsylla vinogradovi,Cricetulus migratorius,false,0.7779817932165344
Ctenophthalmus uncinatus,Cricetulus migratorius,false,0.777942481799293
Stenoponia vlasovi,Cricetulus migratorius,true,0.7777124093581028
Peromyscopsylla silvatica,Apodemus uralensis,true,0.7774331223807336
Paradoxopsyllus scorodumovi,Cricetulus migratorius,false,0.7763537002635819
Ctenophthalmus agyrtes,Cricetulus migratorius,true,0.7759516813646552
Neopsylla mana,Apodemus sylvaticus,false,0.7753718608373464
Stenoponia vlasovi,Apodemus flavicollis,true,0.7748489613070711
Stenoponia vlasovi,Clethrionomys rufocanus,false,0.7743877437933278
Xenopsylla nubica,Apodemus agrarius,true,0.7733501201686569
Neopsylla pleskei,Apodemus sylvaticus,false,0.7720012105681046
Wagnerina schelkovnikovi,Apodemus agrarius,true,0.771094262093922
Ctenophthalmus assimilis,Meriones libycus,false,0.7708767682591148
Stenoponia conspecta,Clethrionomys glareolus,true,0.7707159655510858
Paradoxopsyllus scorodumovi,Apodemus sylvaticus,false,0.7703036209234084
Stenoponia tripectinata,Microtus agrestis,true,0.7689177717460919
Corrodopsylla birulai,Apodemus sylvaticus,false,0.7681363537854008
Rostropsylla daca,Apodemus sylvaticus,false,0.7675523761164892
Ctenophthalmus assimilis,Myopus schisticolor,true,0.7674376573994763
Stenoponia suknevi,Cricetulus migratorius,true,0.767254518251403
Peromyscopsylla silvatica,Cricetulus migratorius,false,0.7672349119543527
Neopsylla mana,Meriones meridianus,true,0.7667318723091641
Amphipsylla vinogradovi,Apodemus sylvaticus,false,0.7644187773832178
Rhadinopsylla li,Microtus gregalis,true,0.7620068389446603
Stenoponia vlasovi,Allactaga elater,true,0.760929185992503
Tarsopsylla octodecimdentata,Cricetulus migratorius,true,0.7608862989829009
Xenopsylla persica,Apodemus agrarius,true,0.7598558959752894
Doratopsylla dasycnema,Cricetulus migratorius,true,0.7584742776611393
Amphipsylla primaris,Microtus arvalis,true,0.7572636793124463
Stenoponia suknevi,Neomys fodiens,true,0.7569759851657057
Rostropsylla daca,Apodemus peninsulae,false,0.7538160160629886
Megabothris rectangulatus,Microtus subterraneus,false,0.7531840511890825
Peromyscopsylla bidentata,Sorex minutus,true,0.7528089271930608
Stenoponia vlasovi,Microtus oeconomus,true,0.7511639659921628
Amphipsylla sibirica,Cricetulus migratorius,true,0.7500377204198815
Ctenophthalmus agyrtes,Clethrionomys rufocanus,false,0.7469321193311992
Megabothris calcarifer,Cricetulus migratorius,true,0.7433073760236873
Paradoxopsyllus scorodumovi,Clethrionomys rutilus,false,0.7428603998407975
Megabothris advenarius,Cricetulus migratorius,false,0.7426622640271676
Peromyscopsylla bidentata,Apodemus sylvaticus,true,0.7420227745730396
Stenoponia vlasovi,Apodemus peninsulae,false,0.7410600654304632
Frontopsylla elata,Tamias sibiricus,true,0.7408840938788417
Stenoponia tripectinata,Clethrionomys rufocanus,false,0.7397261691239087
Frontopsylla hetera,Cricetulus migratorius,false,0.7393967228784651
Catallagia dacenkoi,Apodemus agrarius,true,0.7393190074491979
Ctenophthalmus assimilis,Spermophilopsis leptodactylus,false,0.7384903553743719
Amphipsylla rossica,Clethrionomys rutilus,true,0.7365535656147578
Wagnerina tuvensis,Apodemus sylvaticus,false,0.7355657616077281
Megabothris walkeri,Apodemus peninsulae,true,0.7353325556641244
Neopsylla mana,Meriones libycus,true,0.7340554320935337
Megabothris calcarifer,Microtus arvalis,true,0.7319675031714302
Ctenophthalmus bisoctodentatus,Apodemus uralensis,true,0.7319325001848963
Stenoponia tripectinata,Apodemus sylvaticus,false,0.7309181068773031
Wagnerina tuvensis,Neomys fodiens,true,0.7305975103185945
Neopsylla mana,Microtus juldaschi,true,0.7300605404819647
Ctenophthalmus wagneri,Apodemus flavicollis,true,0.7294014587524297
Rhadinopsylla ucrainica,Microtus arvalis,true,0.7293925407812787
Amalaraeus penicilliger,Crocidura suaveolens,true,0.726760874781363
Rhadinopsylla li,Microtus subterraneus,false,0.7242967862473867
Rhadinopsylla integella,Cricetulus migratorius,true,0.7240996759569894
Ctenophthalmus assimilis,Meriones meridianus,false,0.7237613253789322
Peromyscopsylla bidentata,Talpa europaea,true,0.7231518453430722
Callopsylla caspia,Apodemus agrarius,true,0.7214330497971151
Xenopsylla nubica,Cricetulus migratorius,true,0.7209703888134644
Leptopsylla taschenbergi,Apodemus flavicollis,true,0.7199923558273089
Xenopsylla skrjabini,Cricetulus migratorius,true,0.7197589421056292
Stenoponia vlasovi,Arvicola terrestris,true,0.7188934291036091
Palaeopsylla soricis,Meriones libycus,false,0.7141660249883385
Megabothris rectangulatus,Alticola argentatus,true,0.7140480854567769
Wagnerina schelkovnikovi,Neomys fodiens,true,0.7129434409811013
Amphipsylla sibirica,Apodemus flavicollis,false,0.712768704270177
Neopsylla mana,Spermophilopsis leptodactylus,false,0.7125856729878947
Corrodopsylla birulai,Microtus subterraneus,false,0.7099208576724046
Ctenophthalmus bisoctodentatus,Apodemus flavicollis,true,0.7095611131552454
Stenoponia conspecta,Apodemus agrarius,true,0.7092578585348268
Amphipsylla vinogradovi,Clethrionomys rufocanus,true,0.7092457564386703
Citellophilus tesquorum,Allactaga elater,true,0.7083866274213427
Callopsylla caspia,Spermophilus undulatus,true,0.7047504460860649
Tarsopsylla octodecimdentata,Apodemus sylvaticus,false,0.704142714017976
Ctenophthalmus uncinatus,Micromys minutus,true,0.702156852249016
Stenoponia vlasovi,Apodemus sylvaticus,false,0.7011129088208591
Megabothris rectangulatus,Crocidura suaveolens,true,0.7009999240650584
Megabothris advenarius,Clethrionomys glareolus,false,0.7009731301302973
Nosopsyllus consimilis,Alticola argentatus,true,0.7005931618336314
Megabothris calcarifer,Apodemus uralensis,true,0.6999016456718674
Ctenophthalmus arvalis,Clethrionomys glareolus,true,0.6987494699545332
Frontopsylla protera,Clethrionomys glareolus,false,0.6983307398873826
Tarsopsylla octodecimdentata,Clethrionomys rufocanus,true,0.6969502945650643
Rhadinopsylla pentacantha,Apodemus uralensis,true,0.6966236883741502
Callopsylla caspia,Apodemus sylvaticus,true,0.6964676802264277
Catallagia dacenkoi,Cricetulus migratorius,false,0.6962865226980847
Stenoponia suknevi,Apodemus sylvaticus,false,0.6955962566560553
Rhadinopsylla rothschildi,Cricetulus migratorius,true,0.69534372586856
Doratopsylla dasycnema,Arvicola terrestris,true,0.6949085704237359
Citellophilus tesquorum,Clethrionomys glareolus,true,0.6947696328891428
Rostropsylla daca,Meriones tamariscinus,true,0.6946821528841726
Doratopsylla dasycnema,Sicista betulina,true,0.6942819139537811
Amphipsylla vinogradovi,Microtus oeconomus,true,0.6941013026306282
Palaeopsylla soricis,Sicista tianshanica,true,0.691384581770392
Megabothris rectangulatus,Meriones libycus,false,0.6903201243979752
Stenoponia suknevi,Clethrionomys rufocanus,false,0.6897692753665421
Rhadinopsylla li,Sicista tianshanica,true,0.6896052187760011
Nosopsyllus consimilis,Microtus majori,true,0.6888886469204177
Ctenophthalmus assimilis,Sorex isodon,true,0.6883357775098959
Nosopsyllus consimilis,Microtus agrestis,false,0.6877026097925684
Megabothris walkeri,Sorex caecutiens,true,0.6857806639527314
Nosopsyllus consimilis,Neomys fodiens,true,0.684236223393454
Neopsylla pleskei,Chionomys gud,false,0.6831425750692699
Neopsylla mana,Meriones tamariscinus,true,0.681843392929278
Stenoponia conspecta,Cricetulus migratorius,true,0.6816865394447682
Rhadinopsylla dahurica,Apodemus uralensis,true,0.6810477367716441
Doratopsylla dasycnema,Microtus oeconomus,true,0.6806569176641206
Peromyscopsylla silvatica,Apodemus sylvaticus,true,0.6805325889031756
Stenoponia conspecta,Microtus agrestis,true,0.6798659393784461
Paramonopsyllus scalonae,Cricetulus migratorius,false,0.6798481494481872
Ctenophthalmus secundus,Microtus arvalis,true,0.6787492845405797
Neopsylla pleskei,Clethrionomys centralis,true,0.6784134888067517
Frontopsylla protera,Apodemus flavicollis,false,0.6783738077213832
Stenoponia vlasovi,Tamias sibiricus,true,0.6778910162597684
Pectinoctenus pavlovskii,Spermophilus undulatus,true,0.6767532923081372
Rostropsylla daca,Tamias sibiricus,true,0.6751698413134226
Xenopsylla skrjabini,Spermophilopsis leptodactylus,true,0.6750145431576776
Xenopsylla cheopis,Apodemus agrarius,true,0.6750055534442683
Paradoxopsyllus scorodumovi,Clethrionomys centralis,false,0.6745322663110436
Rhadinopsylla li,Crocidura suaveolens,false,0.6734292364008173
Xenopsylla skrjabini,Apodemus agrarius,true,0.6731390469426682
Rostropsylla daca,Sorex caecutiens,false,0.6709812319464695
Ctenophthalmus breviatus,Allactaga elater,true,0.6707212218850706
Rhadinopsylla rothschildi,Apodemus sylvaticus,false,0.6706024998584418
Neopsylla bidentatiformis,Cricetulus migratorius,false,0.6704955935675704
Amphipsylla kuznetzovi,Apodemus agrarius,true,0.6702596144757144
Frontopsylla elata,Microtus subterraneus,false,0.6700108632571571
Peromyscopsylla bidentata,Tamias sibiricus,true,0.669379955775155
Catallagia ioffi,Apodemus agrarius,true,0.6687440039396106
Catallagia dacenkoi,Sorex araneus,true,0.6681858077258241
Amphipsylla primaris,Apodemus agrarius,true,0.6678332347147004
Neopsylla mana,Dipus sagitta,true,0.6673187906726673
Catallagia dacenkoi,Apodemus uralensis,true,0.6665550234466094
Amphipsylla longispina,Cricetulus migratorius,false,0.6655661935366531
Amalaraeus penicilliger,Sorex arcticus,true,0.6654655088554678
Echidnophaga oschanini,Clethrionomys rutilus,true,0.6647945874379246
Ctenophthalmus proximus,Clethrionomys glareolus,false,0.6646456859613441
Hystrichopsylla orientalis,Cricetulus migratorius,false,0.6638972911532135
Ctenophthalmus proximus,Apodemus uralensis,false,0.6636216160059408
Megabothris turbidus,Sorex caecutiens,true,0.6634463044930756
Callopsylla caspia,Clethrionomys glareolus,false,0.6632503302624666
Nosopsyllus fidus,Meriones libycus,true,0.66172343190578
Ctenophthalmus assimilis,Dipus sagitta,false,0.6614222365748071
Xenopsylla hirtipes,Allactaga elater,true,0.6612563771627602
Xenopsylla cheopis,Apodemus sylvaticus,false,0.6611688911348269
Corrodopsylla birulai,Cricetus cricetus,true,0.6609532099023995
Pectinoctenus pectiniceps,Cricetulus migratorius,true,0.6608951673071892
Stenoponia conspecta,Clethrionomys rutilus,true,0.6608180974088964
Ctenophthalmus solutus,Cricetulus migratorius,false,0.6607336248135763
Corrodopsylla birulai,Sorex minutissimus,true,0.6598639062475695
Frontopsylla protera,Apodemus sylvaticus,false,0.6593667707741637
Neopsylla mana,Microtus subterraneus,false,0.6586412003756013
Citellophilus tesquorum,Meriones libycus,false,0.658177220604898
Xenopsylla nubica,Clethrionomys rufocanus,false,0.6574499062947972
Wagnerina schelkovnikovi,Apodemus sylvaticus,false,0.6571341989675908
Neopsylla pleskei,Alticola strelzowi,true,0.6566407606037198
Catallagia ioffi,Cricetulus migratorius,false,0.6564349813230069
Peromyscopsylla silvatica,Talpa europaea,true,0.6555301660441745
Palaeopsylla soricis,Sicista subtilis,true,0.6552148607300898
Hystrichopsylla talpae,Crocidura suaveolens,true,0.6549592567954402
Ctenophthalmus assimilis,Blanfordimys afghanus,false,0.6526214882772459
Paradoxopsyllus scorodumovi,Microtus oeconomus,true,0.652435020246396
Xenopsylla nuttalli,Clethrionomys rufocanus,false,0.6522740072554368
Xenopsylla persica,Neomys fodiens,true,0.6517604974088073
Xenopsylla persica,Apodemus sylvaticus,false,0.6516491301091117
Rostropsylla daca,Micromys minutus,false,0.6516007506935866
Megabothris advenarius,Apodemus uralensis,false,0.6514688919370946
Paradoxopsyllus scorodumovi,Microtus juldaschi,false,0.6514016268121172
Coptopsylla olgae,Spermophilus fulvus,true,0.6512811065621968
Nosopsyllus consimilis,Microtus juldaschi,false,0.651147830856641
Ctenophthalmus breviatus,Meriones meridianus,true,0.6494283078589639
Xenopsylla skrjabini,Dipus sagitta,true,0.6481509840008738
Ceratophyllus sciurorum,Apodemus agrarius,true,0.6477286709944116
Ctenophthalmus assimilis,Alticola argentatus,true,0.6472700409328939
Citellophilus tesquorum,Apodemus flavicollis,false,0.6471872105072759
Neopsylla mana,Myopus schisticolor,true,0.6470563374796094
Xenopsylla nubica,Arvicola terrestris,true,0.6459800045567956
Neopsylla pleskei,Microtus socialis,true,0.6454121215078166
Ceratophyllus sciurorum,Cricetulus migratorius,true,0.6444678407082297
Ctenophthalmus uncinatus,Tamias sibiricus,true,0.6443018860659517
Neopsylla pleskei,Cricetulus longicaudatus,true,0.644091848185691
Wagnerina schelkovnikovi,Clethrionomys rufocanus,false,0.6440027161733841
Coptopsylla bairamalensis,Meriones tamariscinus,false,0.6432258919343816
Nosopsyllus consimilis,Apodemus mystacinus,false,0.6430415926183558
Megabothris walkeri,Tamias sibiricus,true,0.64229269222592
Megabothris turbidus,Clethrionomys centralis,false,0.642199958502916
Rostropsylla daca,Allactaga elater,true,0.6420991598796855
Pectinoctenus pavlovskii,Cricetulus migratorius,true,0.6420260579360602
Nosopsyllus mokrzeckyi,Sorex araneus,true,0.6419210161428659
Amphipsylla vinogradovi,Clethrionomys centralis,false,0.6418353108035321
Citellophilus tesquorum,Meriones tamariscinus,true,0.6415806202003962
Peromyscopsylla ostsibirica,Cricetulus migratorius,false,0.641478387046012
Nosopsyllus consimilis,Clethrionomys rutilus,false,0.6406931546612995
Ctenophthalmus breviatus,Meriones libycus,false,0.6398291697546581
Megabothris rectangulatus,Microtus juldaschi,false,0.6390868124185108
Nosopsyllus fasciatus,Apodemus uralensis,true,0.6375508017701977
Rhadinopsylla pentacantha,Apodemus sylvaticus,true,0.6371163313455609
Neopsylla pleskei,Apodemus fulvipectus,true,0.6368854387852545
Ctenophthalmus congeneroides,Cricetulus migratorius,false,0.6362631778495496
Hystrichopsylla orientalis,Arvicola terrestris,true,0.635935133871335
Neopsylla acanthina,Cricetulus migratorius,false,0.6356539139174339
Frontopsylla elatoides,Alticola semicanus,true,0.6355180077442337
Neopsylla mana,Sorex minutissimus,true,0.6350392507327811
Xenopsylla gerbilli,Spermophilus pygmaeus,true,0.6350156940413684
Frontopsylla elatoides,Apodemus uralensis,true,0.6344394580499647
Neopsylla pleskei,Phodopus sungorus,true,0.6337882313781217
Amphipsylla sibirica,Apodemus sylvaticus,false,0.6335806006081885
Megabothris rectangulatus,Sorex alpinus,false,0.6332687497008531
Ctenophthalmus agyrtes,Apodemus peninsulae,false,0.6329834934188141
Megabothris advenarius,Microtus arvalis,false,0.6328449640199334
Frontopsylla elata,Myopus schisticolor,true,0.6324902153367635
Amphipsylla sibirica,Tamias sibiricus,true,0.6323741190139978
Frontopsylla elata,Sorex minutissimus,true,0.6321836520784482
Ctenophthalmus bisoctodentatus,Apodemus sylvaticus,true,0.6312929878364363
Hystrichopsylla microti,Cricetulus migratorius,false,0.6305691571375676
Neopsylla pleskei,Microtus majori,false,0.630284700243803
Ctenophthalmus arvalis,Rhombomys opimus,true,0.6302478339175023
Rhadinopsylla ucrainica,Apodemus flavicollis,true,0.6301412268038291
Frontopsylla luculenta,Cricetulus migratorius,false,0.6300748632136075
Xenopsylla nubica,Apodemus sylvaticus,false,0.629876849522174
Nosopsyllus tersus,Allactaga elater,true,0.6296854369719544
Paradoxopsyllus teretifrons,Allactaga elater,true,0.6296854369719544
Corrodopsylla birulai,Meriones libycus,false,0.6296631898924973
Amphipsylla kuznetzovi,Clethrionomys glareolus,true,0.6296428879309259
Ctenophthalmus solutus,Arvicola terrestris,true,0.6294643500168192
Ctenophthalmus uncinatus,Clethrionomys centralis,false,0.6292831340682418
Neopsylla mana,Spermophilus fulvus,true,0.6287597650237474
Ctenophthalmus orientalis,Apodemus flavicollis,true,0.6280901528293897
Frontopsylla ornata,Clethrionomys rutilus,false,0.6277280770849941
Ctenophthalmus bisoctodentatus,Clethrionomys rutilus,true,0.6276853661794906
Rostropsylla daca,Blanfordimys afghanus,true,0.6275954066175363
Xenopsylla gerbilli,Clethrionomys rutilus,true,0.6275214170632378
Ctenophthalmus bisoctodentatus,Cricetulus migratorius,false,0.6274703060754294
Rhadinopsylla li,Apodemus speciosus,false,0.6271232368677006
Ctenophthalmus arvalis,Meriones libycus,false,0.6270121488201101
Neopsylla pleskei,Clethrionomys rufocanus,true,0.626983613189718
Ctenophthalmus nobilis,Microtus arvalis,false,0.6268927260128363
Amphipsylla vinogradovi,Alticola semicanus,true,0.6265740273545378
Xenopsylla nuttalli,Apodemus sylvaticus,false,0.6263494494309295
Ctenophthalmus assimilis,Spermophilus fulvus,true,0.6261914285086527
Amphipsylla primaris,Apodemus sylvaticus,false,0.6260581260878477
Wagnerina longicauda,Apodemus sylvaticus,false,0.6258220346898651
Amphipsylla vinogradovi,Microtus juldaschi,false,0.6253464824732883
Corrodopsylla birulai,Microtus juldaschi,false,0.6251235768819288
Paradoxopsyllus dashidorzhii,Cricetulus migratorius,false,0.6249003532735878
Rostropsylla daca,Microtus subterraneus,false,0.6244837403477836
Neopsylla pleskei,Alticola barakshin,true,0.6239749915044132
Megabothris rectangulatus,Spermophilopsis leptodactylus,false,0.6238965280354014
Ctenophthalmus uncinatus,Microtus gregalis,true,0.6235844288830604
Catallagia dacenkoi,Tamias sibiricus,true,0.6235320851126073
Ctenophthalmus assimilis,Microtus socialis,true,0.6235228723463485
Neopsylla mana,Blanfordimys afghanus,false,0.6228887494934404
Paradoxopsyllus scorodumovi,Phodopus sungorus,true,0.6218326476200109
Ctenophthalmus assimilis,Sciurus vulgaris,true,0.6217531249989062
Hystrichopsylla talpae,Meriones libycus,false,0.6216177277534103
Rhadinopsylla pentacantha,Cricetulus migratorius,true,0.621135310228091
Neopsylla setosa,Meriones tamariscinus,true,0.6210037398582867
Amalaraeus penicilliger,Sorex alpinus,true,0.6203142376953081
Rhadinopsylla ucrainica,Apodemus uralensis,true,0.6202908106371329
Wagnerina longicauda,Cricetulus migratorius,true,0.6202225225117826
Neopsylla bidentatiformis,Microtus arvalis,false,0.6201561945468061
Coptopsylla bairamalensis,Cricetulus migratorius,true,0.6200511575664055
Ophthalmopsylla volgensis,Meriones libycus,true,0.6197379128350957
Wagnerina tuvensis,Clethrionomys rufocanus,false,0.6195126563905189
Rhadinopsylla li,Alticola semicanus,true,0.6194221237806596
Frontopsylla elata,Cricetus cricetus,true,0.6193348067323727
Palaeopsylla soricis,Spermophilopsis leptodactylus,false,0.6190984443889056
Stenoponia vlasovi,Sorex caecutiens,false,0.6190252875319067
Neopsylla pleskei,Cricetulus barabensis,true,0.6189786453187772
Nosopsyllus consimilis,Microtus oeconomus,true,0.6186561106271085
Ceratophyllus sciurorum,Sorex araneus,true,0.6180409832671192
Peromyscopsylla ostsibirica,Clethrionomys glareolus,false,0.6175289766021855
Ceratophyllus indages,Cricetulus migratorius,false,0.6162824852571582
Amalaraeus penicilliger,Sorex roboratus,true,0.6159595817940767
Neopsylla pleskei,Dryomys nitedula,true,0.6152803383193712
Megabothris advenarius,Microtus agrestis,false,0.6151321964205586
Hystrichopsylla talpae,Alticola argentatus,true,0.6150261905918707
Ctenophthalmus assimilis,Allactaga elater,true,0.6149805195446462
Ctenophthalmus congener,Cricetulus migratorius,false,0.6149752571247946
Nosopsyllus consimilis,Clethrionomys rufocanus,true,0.6148932601032451
Oropsylla silantiewi,Cricetulus migratorius,true,0.6147347613442345
Hystrichopsylla talpae,Sorex arcticus,true,0.6147194206356981
Megabothris rectangulatus,Meriones meridianus,true,0.6146536051790348
Coptopsylla olgae,Meriones tamariscinus,false,0.6142478162252242
Rhadinopsylla altaica,Cricetulus migratorius,false,0.6140418265275823
Megabothris walkeri,Clethrionomys centralis,false,0.6135994557273218
Citellophilus tesquorum,Phodopus sungorus,true,0.6131687841670942
Amphipsylla primaris,Cricetulus longicaudatus,true,0.613155700395285
Amphipsylla primaris,Apodemus flavicollis,false,0.6127949620158611
Palaeopsylla soricis,Meriones meridianus,false,0.6125822119728173
Amphipsylla longispina,Alticola argentatus,true,0.6124145465989986
Frontopsylla elatoides,Lasiopodomys brandtii,true,0.61232128037546
Nosopsyllus consimilis,Chionomys nivalis,true,0.6120511888723201
Neopsylla mana,Crocidura suaveolens,false,0.6117001517096484
Callopsylla caspia,Sorex araneus,false,0.6116422310842429
Citellophilus tesquorum,Apodemus agrarius,true,0.6109835728394444
Rhadinopsylla ucrainica,Apodemus agrarius,true,0.6108597140278523
Frontopsylla hetera,Apodemus uralensis,false,0.6103687979640986
Wagnerina tuvensis,Spermophilus undulatus,true,0.608371305694935
Echidnophaga oschanini,Sorex araneus,true,0.6082206626749858
Ctenophthalmus breviatus,Apodemus flavicollis,false,0.6081629188470445
Xenopsylla persica,Clethrionomys rufocanus,false,0.6077998104686781
Ctenophthalmus breviatus,Apodemus agrarius,true,0.6075560087440325
Amphipsylla kuznetzovi,Apodemus sylvaticus,true,0.6074715951095505
Amalaraeus penicilliger,Meriones libycus,false,0.6069498344952765
Amalaraeus penicilliger,Sicista subtilis,true,0.6067953833327553
Doratopsylla dasycnema,Apodemus peninsulae,true,0.606472857540316
Paradoxopsyllus scorodumovi,Alticola barakshin,true,0.6063005037711128
Frontopsylla ambigua,Cricetulus migratorius,true,0.606103763747547
Corrodopsylla birulai,Apodemus speciosus,false,0.6060056045443234
Nosopsyllus fidus,Clethrionomys rutilus,false,0.6057552585730788
Frontopsylla semura,Meriones meridianus,true,0.6054833706305798
Stenoponia vlasovi,Micromys minutus,false,0.60535662230172
Ctenophthalmus secundus,Apodemus uralensis,false,0.6052924243295661
Paradoxopsyllus scorodumovi,Cricetulus barabensis,true,0.6052593928257494
Rhadinopsylla altaica,Apodemus agrarius,false,0.6049930559503133
Frontopsylla protera,Arvicola terrestris,true,0.6048878671656772
Citellophilus tesquorum,Microtus juldaschi,false,0.6048424698214738
Amphipsylla vinogradovi,Lasiopodomys brandtii,true,0.6046601543526172
Citellophilus tesquorum,Microtus socialis,true,0.6046455776954373
Ctenophthalmus assimilis,Spermophilus undulatus,true,0.6042743663966603
Frontopsylla hetera,Microtus juldaschi,false,0.6038986520372915
Amphipsylla vinogradovi,Sorex caecutiens,false,0.603704180535164
Frontopsylla luculenta,Clethrionomys rufocanus,true,0.6036756380278567
Ctenophthalmus pisticus,Cricetulus migratorius,false,0.6034413704501649
Amphipsylla primaris,Arvicola terrestris,true,0.6028198332776808
Mesopsylla tuschkan,Meriones libycus,true,0.6026882222084355
Frontopsylla macrophthalma,Rhombomys opimus,true,0.6026234678033857
Mesopsylla lenis,Meriones libycus,true,0.6025232993856138
Nosopsyllus consimilis,Alticola semicanus,false,0.602262520393126
Xenopsylla hirtipes,Meriones tamariscinus,true,0.6022602376739588
Frontopsylla luculenta,Apodemus sylvaticus,false,0.6021235878080298
Frontopsylla elata,Dryomys nitedula,true,0.6018340595968508
Ctenophthalmus congener,Apodemus uralensis,true,0.601712359553044
Pectinoctenus nemorosa,Apodemus sylvaticus,false,0.6016494147147864
Megabothris asio,Cricetulus migratorius,true,0.6014944509329886
Ctenophthalmus assimilis,Rhombomys opimus,false,0.601003556424463
Frontopsylla elata,Lasiopodomys brandtii,true,0.6006937805564989
Ctenophthalmus breviatus,Spermophilus fulvus,true,0.6003001597550034
Citellophilus tesquorum,Alticola barakshin,true,0.6002797496974958
Neopsylla bidentatiformis,Clethrionomys rutilus,true,0.5996726847361139
Rhadinopsylla li,Cricetulus barabensis,true,0.5993157515743631
Corrodopsylla birulai,Sorex isodon,true,0.5991239187079668
Ctenophthalmus arvalis,Spermophilus pygmaeus,true,0.598908811871484
Xenopsylla skrjabini,Clethrionomys rufocanus,false,0.5985644649926576
Neopsylla bidentatiformis,Apodemus sylvaticus,false,0.5985486817749108
Ctenophthalmus teres,Apodemus sylvaticus,false,0.5982200931503592
Frontopsylla elatoides,Microtus juldaschi,false,0.5975386037135443
Nosopsyllus fasciatus,Clethrionomys rufocanus,true,0.5974812419242232
Frontopsylla ornata,Apodemus agrarius,true,0.5972666049878003
Neopsylla mana,Allactaga elater,true,0.5970295851402789
Leptopsylla segnis,Microtus oeconomus,true,0.5968158743459868
Rhadinopsylla pentacantha,Clethrionomys rutilus,true,0.5966219890830783
Pectinoctenus pavlovskii,Alticola semicanus,true,0.5965606585795786
Amphipsylla sibirica,Sicista betulina,true,0.5963915008630573
Coptopsylla olgae,Cricetulus migratorius,true,0.5958064123546422
Megabothris rectangulatus,Meriones tamariscinus,false,0.5945438800001889
Ctenophthalmus breviatus,Clethrionomys rutilus,true,0.5942110448202824
Amphipsylla sibirica,Sorex minutus,true,0.5937487025071231
Palaeopsylla soricis,Sciurus vulgaris,true,0.593725187666619
Corrodopsylla birulai,Spermophilopsis leptodactylus,false,0.593710110839988
Citellophilus tesquorum,Dipus sagitta,true,0.5936894748560083
Stenoponia tripectinata,Apodemus peninsulae,false,0.5936066057442785
Rhadinopsylla li,Dryomys nitedula,true,0.5932890338080773
Rhadinopsylla dahurica,Microtus arvalis,false,0.5929353103563748
Neopsylla pleskei,Apodemus mystacinus,false,0.5925956195813876
Ctenophthalmus assimilis,Microtus majori,false,0.5925575989890274
Mesopsylla hebes,Meriones libycus,true,0.5923159927331064
Stenoponia vlasovi,Microtus subterraneus,false,0.5922364194344778
Citellophilus tesquorum,Pygeretmus pumilio,true,0.5917052347802269
Citellophilus tesquorum,Allactaga sibirica,true,0.5910831211240842
Ctenophthalmus breviatus,Meriones tamariscinus,true,0.5909412663092666
Neopsylla bidentatiformis,Apodemus uralensis,false,0.5909288526587747
Atyphloceras nuperus,Microtus arvalis,true,0.5909017710498589
Palaeopsylla soricis,Meriones tamariscinus,false,0.5908336634540767
Xenopsylla conformis,Allactaga major,true,0.5904496965642808
Megabothris walkeri,Microtus subterraneus,false,0.5900200992001876
Megabothris calcarifer,Apodemus sylvaticus,false,0.5898620899029361
Hystrichopsylla orientalis,Clethrionomys rutilus,false,0.5897855438002052
Frontopsylla elata,Phodopus sungorus,true,0.5897552358553787
Nosopsyllus fidus,Rhombomys opimus,true,0.5894316940858753
Ctenophthalmus arvalis,Apodemus agrarius,true,0.5893875371118789
Corrodopsylla birulai,Meriones meridianus,false,0.5893699555820037
Amphipsylla kuznetzovi,Clethrionomys rufocanus,true,0.5890203972391651
Xenopsylla nuttalli,Dipus sagitta,true,0.5887932897235855
Rhadinopsylla li,Meriones libycus,false,0.5887485381258232
Ctenophthalmus pisticus,Apodemus agrarius,true,0.5885539196937488
Rostropsylla daca,Clethrionomys centralis,false,0.5884311852793168
Rhadinopsylla rothschildi,Arvicola terrestris,true,0.5882118764569887
Ctenophthalmus breviatus,Apodemus sylvaticus,false,0.5881964685354432
Amphipsylla primaris,Clethrionomys glareolus,false,0.5877995661436987
Nosopsyllus consimilis,Prometheomys schaposchnikowi,false,0.5877848564695207
Frontopsylla luculenta,Microtus arvalis,false,0.5871497824633354
Palaeopsylla soricis,Dipus sagitta,false,0.5869045571067416
Xenopsylla gerbilli,Microtus arvalis,true,0.5868293485996215
Megabothris asio,Apodemus agrarius,true,0.5865446793768968
Frontopsylla ornata,Clethrionomys glareolus,false,0.5865390344433251
Amalaraeus penicilliger,Meriones meridianus,true,0.5865317567781096
Megabothris calcarifer,Apodemus flavicollis,true,0.5865131180625881
Leptopsylla segnis,Meriones libycus,false,0.586165803878252
Rhadinopsylla li,Meriones meridianus,true,0.5860768450570373
Citellophilus tesquorum,Chionomys gud,true,0.5860607675186763
Stenoponia conspecta,Clethrionomys rufocanus,false,0.5859373300683176
Paradoxopsyllus scorodumovi,Clethrionomys rufocanus,true,0.5859192469190658
Megabothris rectangulatus,Dipus sagitta,true,0.5858162483131161
Paradoxopsyllus scorodumovi,Dryomys nitedula,false,0.5854958133558098
Echidnophaga oschanini,Apodemus uralensis,true,0.5854490843974149
Amalaraeus penicilliger,Spermophilopsis leptodactylus,false,0.5854377486828611
Oropsylla ilovaiskii,Spermophilopsis leptodactylus,true,0.5853719708148546
Frontopsylla elata,Meriones libycus,false,0.5850383845142997
Nosopsyllus consimilis,Cricetulus barabensis,false,0.5848730284412211
Megabothris walkeri,Meriones libycus,false,0.5847755875515301
Stenoponia conspecta,Spermophilopsis leptodactylus,true,0.5847082779814509
Amphipsylla sibirica,Microtus gregalis,true,0.5844745652372209
Nosopsyllus consimilis,Microtus subterraneus,false,0.5844127830976382
Nosopsyllus laeviceps,Allactaga major,true,0.5843490881687612
Ctenophthalmus acuminatus,Apodemus uralensis,false,0.5840697007435707
Nosopsyllus consimilis,Apodemus peninsulae,false,0.5839635690933695
Amphipsylla primaris,Chionomys gud,false,0.58387157270412
Amphipsylla vinogradovi,Alticola barakshin,true,0.5837928424825605
Paradoxopsyllus scorodumovi,Microtus subterraneus,false,0.5836531925730226
Hystrichopsylla talpae,Meriones meridianus,false,0.5836115018282995
Palaeopsylla soricis,Allactaga elater,false,0.5834459584258521
Palaeopsylla soricis,Spermophilus fulvus,true,0.5829763971076363
Palaeopsylla soricis,Rhombomys opimus,false,0.5824254108769167
Amalaraeus penicilliger,Microtus majori,true,0.582293016297667
Ctenophthalmus obtusus,Microtus arvalis,true,0.582068436919605
Megabothris rectangulatus,Rhombomys opimus,false,0.5818060035771802
Ophthalmopsylla volgensis,Spermophilus fulvus,true,0.5815177378387649
Xenopsylla hirtipes,Cricetulus migratorius,true,0.5811854277439985
Megabothris rectangulatus,Spermophilus fulvus,false,0.5809584874149649
Hystrichopsylla talpae,Spermophilopsis leptodactylus,false,0.5808917132514583
Desertopsylla rothschildi,Meriones libycus,true,0.5807510346891808
Palaeopsylla soricis,Blanfordimys afghanus,false,0.5807386335048207
Amphipsylla primaris,Cricetulus barabensis,true,0.5804544341761289
Pectinoctenus nemorosa,Clethrionomys rutilus,true,0.5802335983411863
Ceratophyllus indages,Microtus arvalis,true,0.5800898543058496
Paramonopsyllus scalonae,Apodemus uralensis,false,0.5794555518273118
Rhadinopsylla li,Spermophilopsis leptodactylus,false,0.5792099956699306
Xenopsylla nuttalli,Meriones tamariscinus,false,0.5791672107161845
Wagnerina tuvensis,Clethrionomys centralis,false,0.5790610933354873
Pectinoctenus pectiniceps,Clethrionomys glareolus,false,0.5788595902194987
Ophthalmopsylla volgensis,Meriones tamariscinus,true,0.5786348500638911
Frontopsylla elata,Meriones meridianus,true,0.5785638718230508
Corrodopsylla birulai,Meriones tamariscinus,false,0.5784568261976231
Neopsylla pleskei,Micromys minutus,true,0.5783389426134143
Frontopsylla protera,Clethrionomys rutilus,false,0.5775874405945781
Rhadinopsylla rothschildi,Spermophilus undulatus,true,0.5775550700678971
Citellophilus tesquorum,Spermophilopsis leptodactylus,false,0.5775081088658889
Nosopsyllus consimilis,Lasiopodomys brandtii,false,0.5770598725784042
Citellophilus tesquorum,Meriones persicus,false,0.5770190665871577
Ctenophthalmus golovi,Apodemus sylvaticus,true,0.576903047409693
Catallagia ioffi,Apodemus uralensis,true,0.576520408151942
Stenoponia conspecta,Apodemus sylvaticus,false,0.5764644562043876
Amalaraeus penicilliger,Meriones tamariscinus,true,0.5764225463058078
Ctenophthalmus solutus,Clethrionomys rutilus,false,0.5761477774987084
Oropsylla ilovaiskii,Dipus sagitta,true,0.576084518548373
Stenoponia vlasovi,Clethrionomys centralis,false,0.575973276507269
Ctenophthalmus teres,Clethrionomys glareolus,false,0.5754120684619805
Amalaraeus penicilliger,Cricetulus barabensis,true,0.5754044492468906
Rhadinopsylla integella,Arvicola terrestris,true,0.5748671796477098
Frontopsylla elata,Cricetulus longicaudatus,false,0.5745870401520415
Ctenophthalmus wagneri,Microtus agrestis,false,0.5743826702213023
Ctenophyllus hirticrus,Cricetulus migratorius,false,0.5742394639179966
Peromyscopsylla silvatica,Micromys minutus,true,0.5740480291170957
Megabothris rectangulatus,Allactaga elater,true,0.5737545356578727
Rostropsylla daca,Microtus gregalis,false,0.5736257013932321
Mesopsylla eucta,Spermophilus fulvus,true,0.5735013241769272
Neopsylla acanthina,Apodemus uralensis,true,0.5733294997653102
Nosopsyllus turkmenicus,Spermophilus pygmaeus,false,0.5731461940122767
Ctenophthalmus arvalis,Spermophilus fulvus,false,0.5730194381426067
Rhadinopsylla rothschildi,Alticola argentatus,true,0.5729705957103653
Nosopsyllus tersus,Meriones tamariscinus,true,0.5728604153886558
Paradoxopsyllus teretifrons,Meriones tamariscinus,true,0.5728604153886558
Neopsylla pleskei,Marmota caudata,true,0.5727945591697206
Frontopsylla hetera,Microtus arvalis,false,0.5720239477657864
Peromyscopsylla silvatica,Meriones libycus,false,0.5713723995884391
Palaeopsylla soricis,Microtus maximowiczii,false,0.570723444475713
Frontopsylla luculenta,Apodemus uralensis,false,0.5706346380452861
Rhadinopsylla cedestis,Clethrionomys rutilus,false,0.5706254659593385
Leptopsylla segnis,Tamias sibiricus,true,0.5705185533481354
Stenoponia suknevi,Apodemus peninsulae,false,0.5701782179560532
Hystrichopsylla microti,Clethrionomys glareolus,true,0.5695033635954182
Palaeopsylla soricis,Dryomys nitedula,true,0.5694876723626696
Catallagia ioffi,Microtus arvalis,true,0.5690658182201938
Frontopsylla elata,Chionomys gud,false,0.5689250384247274
Frontopsylla elata,Alticola barakshin,false,0.5689069357983952
Coptopsylla lamellifer,Spermophilus pygmaeus,true,0.5688327791176676
Neopsylla bidentatiformis,Apodemus flavicollis,false,0.5683775760795744
Megabothris turbidus,Alticola argentatus,false,0.5679164494316569
Corrodopsylla birulai,Dipus sagitta,false,0.5677994244995246
Tarsopsylla octodecimdentata,Apodemus peninsulae,true,0.5677548688598334
Callopsylla caspia,Lasiopodomys brandtii,true,0.5668882769208349
Myoxopsylla jordani,Microtus arvalis,true,0.5667162261238701
Stenoponia vlasovi,Pygeretmus pumilio,true,0.5665547978827113
Amalaraeus penicilliger,Rhombomys opimus,false,0.5660092090870475
Pectinoctenus pavlovskii,Microtus arvalis,true,0.565810859732821
Megabothris rectangulatus,Neomys anomalus,false,0.5656485570188697
Neopsylla acanthina,Apodemus sylvaticus,false,0.565612870766051
Hystrichopsylla talpae,Sorex roboratus,true,0.5648305478729491
Neopsylla pleskei,Sorex minutus,true,0.5647429070304927
Megabothris rectangulatus,Blanfordimys afghanus,false,0.5646612056137705
Callopsylla caspia,Dryomys nitedula,true,0.5641674514474775
Neopsylla bidentatiformis,Clethrionomys rufocanus,true,0.5634482873597457
Corrodopsylla birulai,Sorex alpinus,false,0.5631200816936853
Megabothris rectangulatus,Sorex tundrensis,true,0.5628936466617505
Citellophilus tesquorum,Blanfordimys afghanus,false,0.5627735618486532
Amphipsylla vinogradovi,Meriones libycus,false,0.5626813103718551
Citellophilus tesquorum,Meriones tristrami,false,0.5622822445227912
Neopsylla mana,Dryomys nitedula,true,0.5619020077680894
Ctenophthalmus congeneroides,Clethrionomys glareolus,false,0.561110444143239
Stenoponia vlasovi,Microtus gregalis,false,0.5607034054553975
Neopsylla setosa,Allocricetulus eversmanni,true,0.5606589518823832
Xenopsylla nuttalli,Neomys fodiens,true,0.5605517965618153
Neopsylla setosa,Dipus sagitta,true,0.5604807828198802
Mesopsylla lenis,Cricetulus migratorius,true,0.5604123245403904
Leptopsylla sicistae,Clethrionomys glareolus,true,0.5604015886984511
Corrodopsylla birulai,Rhombomys opimus,false,0.5594156793147554
Amphipsylla vinogradovi,Microtus subterraneus,false,0.5593605965397823
Amphipsylla rossica,Alticola argentatus,true,0.5582676892336975
Rhadinopsylla li,Cricetulus longicaudatus,true,0.5579469745625228
Corrodopsylla birulai,Sicista subtilis,true,0.5576606482975155
Pectinoctenus nemorosa,Spermophilus undulatus,true,0.5576398484919894
Leptopsylla segnis,Chionomys gud,false,0.5575674284754628
Amphipsylla kuznetzovi,Apodemus flavicollis,false,0.5571917998710166
Nosopsyllus tersus,Cricetulus migratorius,true,0.5571076168125092
Paradoxopsyllus teretifrons,Cricetulus migratorius,true,0.5571076168125092
Megabothris calcarifer,Sorex caecutiens,true,0.5570176305598168
Ctenophthalmus assimilis,Sorex daphaenodon,true,0.5568075418346881
Xenopsylla gerbilli,Allactaga major,true,0.5567645822868457
Nosopsyllus consimilis,Tamias sibiricus,false,0.5562370730933854
Amalaraeus dissimilis,Cricetulus migratorius,false,0.5561193651453035
Corrodopsylla birulai,Spermophilus fulvus,true,0.5559123886454977
Ctenophthalmus bogatschevi,Apodemus sylvaticus,false,0.5558592558578842
Stenoponia vlasovi,Myopus schisticolor,false,0.5557570714132729
Peromyscopsylla fallax,Microtus arvalis,true,0.5557384723791565
Neopsylla mana,Chionomys gud,false,0.555711553689621
Frontopsylla elata,Spermophilopsis leptodactylus,false,0.5555562207086288
Paramonopsyllus scalonae,Lasiopodomys brandtii,true,0.5553960338281357
Amphipsylla kuznetzovi,Microtus juldaschi,true,0.5553185585377682
Doratopsylla dasycnema,Micromys minutus,true,0.5543286004816832
Ctenophthalmus secundus,Clethrionomys glareolus,false,0.554175322850569
Ctenophthalmus agyrtes,Clethrionomys centralis,false,0.5539154167073723
Oropsylla silantiewi,Alticola argentatus,true,0.5537098349200297
Ctenophthalmus hypanis,Apodemus uralensis,false,0.5535856197597548
Neopsylla meridiana,Apodemus uralensis,true,0.5535247571525987
Palaeopsylla soricis,Spermophilus undulatus,true,0.5534120189235603
Stenoponia suknevi,Sorex caecutiens,false,0.5521873715716271
Ctenophthalmus bogatschevi,Clethrionomys glareolus,false,0.5520947162522399
Megabothris advenarius,Apodemus sylvaticus,false,0.552091022043628
Citellophilus tesquorum,Spermophilus xanthoprymnus,false,0.552084273360208
Amphipsylla kuznetzovi,Sorex araneus,true,0.5511980280806972
Amphipsylla rossica,Sicista betulina,true,0.551152893775423
Ctenophthalmus arvalis,Clethrionomys rufocanus,true,0.5510659888955631
Amalaraeus penicilliger,Alticola semicanus,true,0.5504913871773636
Rhadinopsylla li,Sorex alpinus,false,0.5499092033769157
Leptopsylla sicistae,Cricetulus migratorius,true,0.5495854331269197
Nosopsyllus mokrzeckyi,Microtus majori,true,0.5495072256324441
Corrodopsylla birulai,Sciurus vulgaris,true,0.5490072588451097
Mesopsylla lenis,Spermophilus fulvus,true,0.5488493155163717
Rhadinopsylla integella,Neomys fodiens,true,0.5482976866837848
Leptopsylla nana,Microtus arvalis,true,0.547971397301672
Rostropsylla daca,Myopus schisticolor,false,0.5476361834445796
Frontopsylla hetera,Allocricetulus curtatus,true,0.5468292038061208
Echidnophaga oschanini,Clethrionomys rufocanus,false,0.5466086005932179
Ctenophthalmus uncinatus,Meriones libycus,false,0.5464464914196735
Frontopsylla elatoides,Marmota sibirica,true,0.5463482696324178
Amalaraeus penicilliger,Chionomys gud,false,0.5459829990050331
Amalaraeus penicilliger,Dipus sagitta,true,0.544778553778174
Xenopsylla magdalinae,Microtus arvalis,true,0.5443884037065021
Neopsylla teratura,Alticola argentatus,true,0.5443798268827726
Hystrichopsylla talpae,Meriones tamariscinus,false,0.544358084930002
Amphipsylla longispina,Lasiopodomys brandtii,true,0.5442792303162746
Nosopsyllus consimilis,Sorex minutus,false,0.5440444925639988
Ceratophyllus sciurorum,Microtus agrestis,true,0.5432374038830855
Paradoxopsyllus dashidorzhii,Alticola argentatus,true,0.543025590311329
Mesopsylla tuschkan,Cricetulus migratorius,true,0.542692511412841
Ctenophthalmus hypanis,Apodemus flavicollis,false,0.5421380149894152
Ctenophthalmus orientalis,Sorex araneus,true,0.5419859137983167
Xenopsylla cheopis,Microtus agrestis,true,0.5419471457239788
Hystrichopsylla talpae,Microtus juldaschi,false,0.5416184298220471
Amalaraeus penicilliger,Neomys anomalus,true,0.5413198209176437
Ctenophthalmus shovi,Clethrionomys glareolus,false,0.5412353681973618
Callopsylla caspia,Microtus majori,true,0.5410454383627303
Pectinoctenus nemorosa,Apodemus flavicollis,false,0.5408656248804553
Frontopsylla elata,Microtus majori,false,0.540805496766654
Corrodopsylla birulai,Microtus maximowiczii,false,0.5398895022696404
Ctenophthalmus golovi,Cricetulus migratorius,true,0.539669412823016
Catallagia dacenkoi,Neomys fodiens,true,0.539505625370862
Nosopsyllus consimilis,Alticola strelzowi,true,0.5393505052126732
Mesopsylla hebes,Spermophilus fulvus,true,0.5388626827418236
Callopsylla caspia,Phodopus sungorus,true,0.5388033388419385
Ctenophthalmus assimilis,Chionomys gud,false,0.5385223190761897
Citellophilus tesquorum,Meriones vinogradovi,false,0.5381355753217806
Ctenophthalmus assimilis,Mesocricetus brandti,false,0.5377360418624867
Xenopsylla nuttalli,Apodemus peninsulae,false,0.5375402121170479
Pectinoctenus pavlovskii,Apodemus uralensis,true,0.5373579541661093
Palaeopsylla soricis,Alticola argentatus,true,0.5372956094148496
Citellophilus tesquorum,Allocricetulus curtatus,true,0.5371941063523672
Palaeopsylla kohauti,Clethrionomys glareolus,true,0.5361028141583128
Leptopsylla segnis,Sicista betulina,true,0.5357988593832664
Neopsylla mana,Marmota caudata,true,0.535629109401089
Hystrichopsylla talpae,Spermophilus undulatus,true,0.53508448384429
Nosopsyllus mokrzeckyi,Mesocricetus brandti,true,0.5347624776175833
Amphipsylla primaris,Mesocricetus brandti,false,0.5343604789980624
Callopsylla caspia,Apodemus fulvipectus,true,0.5339967218127989
Hystrichopsylla talpae,Rhombomys opimus,false,0.5339011513920325
Rhadinopsylla cedestis,Allactaga major,true,0.5332329650954127
Amphipsylla primaris,Clethrionomys rufocanus,true,0.533001535780088
Amphipsylla longispina,Apodemus uralensis,false,0.532948338482927
Neopsylla pleskei,Chionomys nivalis,true,0.5324514483839797
Amphipsylla kuznetzovi,Apodemus peninsulae,false,0.5315968904588553
Frontopsylla elatoides,Chionomys gud,false,0.5311192668049127
Frontopsylla semura,Meriones libycus,false,0.5306487705795541
Callopsylla caspia,Clethrionomys rutilus,true,0.530640233443144
Wagnerina longicauda,Arvicola terrestris,true,0.5303490398465297
Amphipsylla vinogradovi,Dryomys nitedula,false,0.5296381702692132
Citellophilus tesquorum,Mesocricetus brandti,false,0.5295095815406999
Catallagia dacenkoi,Apodemus flavicollis,false,0.5293583639327036
Ctenophthalmus uncinatus,Crocidura suaveolens,true,0.5290315834241504
Amphipsylla marikovskii,Cricetulus migratorius,false,0.5285852487943289
Megabothris rectangulatus,Talpa altaica,true,0.5275926933228158
Ctenophthalmus shovi,Apodemus flavicollis,false,0.5275127593848514
Ctenophthalmus assimilis,Nesokia indica,false,0.5271314532088753
Nosopsyllus consimilis,Cricetulus longicaudatus,false,0.5269667174749868
Ctenophthalmus breviatus,Spermophilopsis leptodactylus,false,0.5269141875073471
Nosopsyllus consimilis,Microtus transcaspicus,true,0.5266193250207337
Rhadinopsylla angusta,Cricetulus migratorius,true,0.5263264902261664
Palaeopsylla soricis,Microtus majori,false,0.5259164357906403
Neopsylla mana,Allocricetulus curtatus,true,0.5252238642992018
Pectinoctenus pectiniceps,Microtus arvalis,false,0.5251647291054472
Catallagia dacenkoi,Meriones libycus,false,0.5247538677571342
Amphipsylla vinogradovi,Tamias sibiricus,true,0.5243367949917288
Stenoponia suknevi,Micromys minutus,false,0.5243052740867841
Amalaraeus penicilliger,Spermophilus fulvus,true,0.5238602545411273
Xenopsylla cheopis,Clethrionomys rutilus,true,0.5237302919097501
Mesopsylla tuschkan,Spermophilus fulvus,true,0.5237102189786065
Frontopsylla hetera,Chionomys gud,false,0.5232727644352253
Rhadinopsylla li,Sicista subtilis,true,0.5229837194311765
Stenoponia vlasovi,Spermophilus pygmaeus,true,0.522847984434511
Ceratophyllus sciurorum,Arvicola terrestris,true,0.5225562405668254
Amphipsylla schelkovnikovi,Apodemus sylvaticus,false,0.5211763903617064
Neopsylla pleskei,Allactaga sibirica,true,0.5202385163728389
Amalaraeus penicilliger,Microtus fortis,false,0.5200374100748141
Rhadinopsylla rothschildi,Clethrionomys rufocanus,true,0.519720180286134
Citellophilus tesquorum,Apodemus fulvipectus,false,0.5186052009021704
Ctenophthalmus inornatus,Apodemus uralensis,false,0.5184729240021494
Amphipsylla primaris,Apodemus peninsulae,true,0.5175475837833803
Ctenophthalmus proximus,Chionomys gud,true,0.5175308862198902
Frontopsylla elata,Sorex arcticus,true,0.5171287962439179
Corrodopsylla birulai,Microtus fortis,false,0.5166060197335745
Frontopsylla semura,Cricetulus migratorius,true,0.5164200146711019
Nosopsyllus consimilis,Microtus fortis,false,0.516303587638727
Rhadinopsylla li,Meriones tamariscinus,true,0.516188011292423
Mesopsylla eucta,Cricetulus migratorius,true,0.5152293578666948
Rhadinopsylla rothschildi,Microtus agrestis,true,0.5149322646230812
Peromyscopsylla silvatica,Myopus schisticolor,true,0.5147355604538522
Ctenophthalmus teres,Cricetulus migratorius,true,0.5147277889814108
Amphipsylla sibirica,Talpa europaea,true,0.5141157334545263
Ctenophthalmus wagneri,Clethrionomys rutilus,false,0.5135578447074969
Xenopsylla persica,Talpa europaea,true,0.5119319892229767
Nosopsyllus aralis,Spermophilus pygmaeus,false,0.5117336241899841
Nosopsyllus consimilis,Phodopus sungorus,false,0.5117058734641754
Neopsylla pleskei,Crocidura suaveolens,true,0.511605233974561
Rhadinopsylla pseudodahurica,Cricetulus migratorius,true,0.5112689451453198
Nosopsyllus consimilis,Sicista subtilis,true,0.511075436219715
Pectinoctenus nemorosa,Arvicola terrestris,true,0.5109210938848127
Frontopsylla elata,Sorex isodon,true,0.5101038776496853
Palaeopsylla soricis,Microtus fortis,false,0.5097496128169757
Citellophilus tesquorum,Meriones unguiculatus,true,0.5096407563062938
Frontopsylla hetera,Clethrionomys centralis,false,0.509616655103428
Callopsylla caspia,Mesocricetus brandti,true,0.5092350009740446
Ctenophthalmus nobilis,Sorex araneus,true,0.5089548575639744
Peromyscopsylla bidentata,Meriones libycus,false,0.5086152585582737
Citellophilus tesquorum,Microtus majori,true,0.5076624252607975
Frontopsylla ornata,Apodemus peninsulae,false,0.5072707795340685
Catallagia dacenkoi,Microtus gregalis,true,0.5068982389204892
Ctenophthalmus arvalis,Apodemus sylvaticus,false,0.506693822715669
Citellophilus transcaucasicus,Apodemus uralensis,true,0.5065368676363741
Neopsylla acanthina,Microtus agrestis,true,0.5065113506094866
Paradoxopsyllus scorodumovi,Sorex caecutiens,false,0.5062016269326579
Ctenophthalmus assimilis,Apodemus fulvipectus,false,0.5060979210297466
Hystrichopsylla talpae,Allactaga elater,true,0.5056155826478418
Ctenophthalmus golovi,Clethrionomys glareolus,false,0.5054467221465937
Rhadinopsylla integella,Tamias sibiricus,true,0.504774781455136
Nosopsyllus consimilis,Myoxus glis,false,0.5042041923099648
Paramonopsyllus scalonae,Microtus arvalis,false,0.5038122386984597
Ctenophthalmus acuminatus,Clethrionomys glareolus,false,0.5037732954989943
Paraneopsylla tiflovi,Apodemus uralensis,true,0.5035583064900379
Stenoponia vlasovi,Crocidura suaveolens,true,0.503554779011416
Xenopsylla nubica,Apodemus peninsulae,false,0.503494504649818
Peromyscopsylla silvatica,Clethrionomys centralis,false,0.5033794204973062
Amphipsylla vinogradovi,Marmota sibirica,true,0.5023049432498994
Amalaraeus arvicolae,Apodemus sylvaticus,true,0.5017840815189265
Amphipsylla longispina,Alticola barakshin,true,0.5015136252981124
Pectinoctenus nemorosa,Clethrionomys glareolus,false,0.5013650006501318
Mesopsylla eucta,Meriones tamariscinus,true,0.5011150699842964
Ctenophthalmus breviatus,Dipus sagitta,true,0.5007116306340239
Frontopsylla protera,Chionomys gud,false,0.5006778281175207
Rhadinopsylla rothschildi,Sorex araneus,true,0.5004928457534193
Neopsylla setosa,Clethrionomys rutilus,false,0.4994606856760547
Citellophilus tesquorum,Allactaga severtzovi,false,0.4988569282735131
Rhadinopsylla li,Dipus sagitta,true,0.49795057440893326
Neopsylla mana,Sorex roboratus,true,0.4978699343605862
Peromyscopsylla ostsibirica,Apodemus uralensis,false,0.49746318993561217
Frontopsylla protera,Microtus agrestis,false,0.49713530737615774
Hystrichopsylla talpae,Dipus sagitta,false,0.49654572912583717
Megabothris advenarius,Sorex araneus,true,0.4949437665643981
Amalaraeus penicilliger,Mesocricetus brandti,false,0.49484594298950685
Frontopsylla ornata,Apodemus sylvaticus,false,0.49479649277987175
Ctenophthalmus breviatus,Meriones persicus,false,0.4934304065051406
Amalaraeus penicilliger,Talpa altaica,true,0.4933612360234718
Atyphloceras nuperus,Apodemus sylvaticus,true,0.4933039018879738
Tarsopsylla octodecimdentata,Sorex caecutiens,true,0.4923148438636234
Nosopsyllus consimilis,Alticola barakshin,false,0.492062446145375
Frontopsylla luculenta,Clethrionomys glareolus,false,0.49192344976261215
Myoxopsylla jordani,Cricetulus migratorius,true,0.4917766823370953
Nosopsyllus consimilis,Sicista betulina,false,0.4916814017198467
Megabothris asio,Apodemus sylvaticus,false,0.4916150337132704
Ctenophthalmus assimilis,Meriones persicus,false,0.4912625220599226
Neopsylla pleskei,Sicista tianshanica,true,0.4911791072688245
Ctenophthalmus assimilis,Lemmus sibiricus,false,0.4909526957048308
Amphipsylla anceps,Microtus arvalis,true,0.4908679734311001
Leptopsylla segnis,Microtus socialis,true,0.4904732722304779
Stenoponia ivanovi,Apodemus uralensis,true,0.4904336947424403
Neopsylla pleskei,Sicista betulina,true,0.4903600740736331
Ctenophthalmus obtusus,Apodemus sylvaticus,true,0.49004961401068825
Megabothris rectangulatus,Microtus maximowiczii,true,0.48999337377746904
Ctenophthalmus bisoctodentatus,Sicista betulina,true,0.48991391505567067
Citellophilus tesquorum,Clethrionomys centralis,true,0.4896271691193922
Xenopsylla skrjabini,Microtus agrestis,true,0.4887938229773606
Ctenophthalmus agyrtes,Microtus gregalis,false,0.4887612321004626
Citellophilus tesquorum,Spermophilus relictus,false,0.48869244595820044
Rhadinopsylla li,Rhombomys opimus,false,0.48863315298197446
Pectinoctenus nemorosa,Clethrionomys rufocanus,true,0.48665228419504425
Neopsylla pleskei,Prometheomys schaposchnikowi,false,0.48651539361835594
Nosopsyllus consimilis,Microtus evoronensis,false,0.48628488099099615
Stenoponia conspecta,Arvicola terrestris,true,0.48599296000620734
Ctenophthalmus breviatus,Pygeretmus pumilio,true,0.4856032970167689
Palaeopsylla kohauti,Microtus arvalis,true,0.48555969453570347
Corrodopsylla birulai,Allactaga elater,false,0.4855482820339266
Amphipsylla longispina,Microtus arvalis,false,0.4853862611241556
Nosopsyllus fidus,Dipus sagitta,true,0.4853645817189172
Leptopsylla taschenbergi,Mesocricetus brandti,false,0.485268840820283
Callopsylla caspia,Micromys minutus,false,0.48474913473669684
Megabothris rectangulatus,Sorex daphaenodon,true,0.48420855968191384
Xenopsylla conformis,Stylodipus telum,true,0.4837612468362302
Stenoponia vlasovi,Sorex minutissimus,false,0.48369968311799116
Nosopsyllus consimilis,Mesocricetus raddei,true,0.48345887118596875
Ctenophthalmus congener,Arvicola terrestris,true,0.4833870583512523
Leptopsylla nana,Spermophilus undulatus,false,0.4832039849215549
Frontopsylla elata,Apodemus fulvipectus,false,0.48284247150456944
Ctenophthalmus arvalis,Spermophilopsis leptodactylus,false,0.4828342630838724
Ceratophyllus indages,Apodemus uralensis,true,0.48249947286724343
Mesopsylla eucta,Dipus sagitta,true,0.4821660762496975
Megabothris calcarifer,Meriones libycus,false,0.48093834305354294
Ctenophthalmus wagneri,Apodemus fulvipectus,false,0.48062087833057393
Rostropsylla daca,Crocidura suaveolens,true,0.4805294141156883
Megabothris turbidus,Chionomys gud,true,0.48038449271254025
Ctenophthalmus nobilis,Apodemus flavicollis,false,0.48011231682048644
Mesopsylla tuschkan,Meriones tamariscinus,true,0.47972667932844393
Pectinoctenus pectiniceps,Apodemus sylvaticus,false,0.47950004669836677
Wagnerina tuvensis,Microtus juldaschi,false,0.4781490435458329
Palaeopsylla soricis,Microtus socialis,false,0.4780951395242714
Leptopsylla segnis,Talpa europaea,true,0.47745315310573155
Ctenophthalmus bisoctodentatus,Clethrionomys rufocanus,false,0.47738779140832455
Neopsylla pleskei,Tamias sibiricus,true,0.4773792177617664
Stenoponia conspecta,Dipus sagitta,true,0.4773262759070667
Peromyscopsylla fallax,Apodemus sylvaticus,true,0.4769366439025334
Pectinoctenus nemorosa,Apodemus peninsulae,false,0.47650186569252495
Hystrichopsylla talpae,Spermophilus fulvus,false,0.4764841951986409
Megabothris calcarifer,Neomys fodiens,true,0.47590569496993884
Ctenophthalmus assimilis,Meriones tristrami,false,0.4758222827995978
Ctenophthalmus assimilis,Apodemus mystacinus,false,0.4753940524914123
Rhadinopsylla rothschildi,Microtus juldaschi,false,0.4748623216879941
Hystrichopsylla talpae,Neomys anomalus,true,0.47483026419549024
Corrodopsylla birulai,Neomys anomalus,false,0.47455188308931584
Stenoponia conspecta,Sorex minutus,true,0.47342181996977506
Citellophilus tesquorum,Pygeretmus shitkovi,false,0.47331462899804483
Neopsylla mana,Sorex alpinus,false,0.4731788556042718
Ctenophthalmus shovi,Cricetulus migratorius,true,0.47307735200128137
Citellophilus tesquorum,Ellobius talpinus,true,0.4729435097899389
Nosopsyllus consimilis,Neomys anomalus,false,0.4723210989071486
Frontopsylla macrophthalma,Cricetulus migratorius,true,0.47230194723558216
Leptopsylla segnis,Sorex minutus,true,0.47210855856714096
Ctenophthalmus secundus,Arvicola terrestris,true,0.47199909436965043
Amphipsylla primaris,Microtus majori,false,0.4712641694963588
Amphipsylla rossica,Micromys minutus,true,0.470621344525684
Nosopsyllus consimilis,Talpa europaea,false,0.47055650617982697
Echidnophaga oschanini,Apodemus sylvaticus,false,0.4695086378857798
Doratopsylla dasycnema,Microtus subterraneus,true,0.4691477892485752
Neopsylla pleskei,Talpa europaea,true,0.4690963643506352
Ctenophthalmus acuminatus,Apodemus agrarius,true,0.46852197876888196
Ophthalmopsylla volgensis,Spermophilopsis leptodactylus,true,0.4681665765610749
Nosopsyllus aralis,Spermophilopsis leptodactylus,true,0.4671724220158442
Stenoponia ivanovi,Apodemus sylvaticus,false,0.4671596703944405
Palaeopsylla soricis,Microtus juldaschi,false,0.4669250749504163
Amphipsylla anceps,Spermophilus undulatus,false,0.46688659285508516
Stenoponia ivanovi,Apodemus agrarius,true,0.46681755859393853
Paradoxopsyllus scorodumovi,Chionomys gud,false,0.4667737772177942
Megabothris walkeri,Alticola argentatus,false,0.466695788760814
Rostropsylla daca,Alticola argentatus,false,0.46639026630066577
Megabothris advenarius,Micromys minutus,true,0.46637022841519776
Leptopsylla taschenbergi,Alticola argentatus,true,0.46628329223617526
Citellophilus tesquorum,Dryomys nitedula,true,0.4662771381607937
Citellophilus tesquorum,Eolagurus przewalskii,true,0.4661691151808465
Paradoxopsyllus scorodumovi,Microtus majori,false,0.4655236849137379
Callopsylla caspia,Cricetulus barabensis,true,0.4653342032173883
Paradoxopsyllus repandus,Cricetulus migratorius,true,0.46518154913144627
Citellophilus tesquorum,Nesokia indica,false,0.46470113488217224
Nosopsyllus consimilis,Sorex alpinus,false,0.46429656955544035
Megabothris walkeri,Meriones meridianus,false,0.46389277123409306
Ctenophthalmus wagneri,Neomys fodiens,false,0.46355709719227045
Neopsylla mana,Sorex tundrensis,false,0.46306735639402946
Nosopsyllus consimilis,Marmota caudata,false,0.4626716079183164
Ctenophthalmus golovi,Apodemus flavicollis,true,0.46244263805908276
Myoxopsylla jordani,Clethrionomys glareolus,false,0.4621247464607966
Ctenophthalmus wagneri,Mesocricetus brandti,false,0.46164123314984035
Amalaraeus dissimilis,Apodemus agrarius,false,0.461415836939536
Citellophilus tesquorum,Ellobius tancrei,true,0.46140044808276637
Amphipsylla vinogradovi,Chionomys gud,false,0.4613029486253597
Frontopsylla semura,Meriones tamariscinus,true,0.46081352892338995
Rhadinopsylla altaica,Clethrionomys glareolus,true,0.4608028569661936
Ceratophyllus anisus,Cricetulus migratorius,false,0.4607667629413996
Nosopsyllus fasciatus,Arvicola terrestris,true,0.4606214780957544
Peromyscopsylla ostsibirica,Microtus arvalis,false,0.4606134767386851
Tarsopsylla octodecimdentata,Micromys minutus,true,0.46018104905713725
Frontopsylla ornata,Spermophilus undulatus,true,0.4600396503329707
Frontopsylla hetera,Spermophilus relictus,false,0.4600206370304136
Leptopsylla segnis,Apodemus fulvipectus,false,0.4598774151209844
Xenopsylla gerbilli,Apodemus agrarius,true,0.45943544689988147
Corrodopsylla birulai,Blanfordimys afghanus,false,0.459368992184259
Leptopsylla sicistae,Clethrionomys rutilus,true,0.4581643336319924
Nosopsyllus consimilis,Allocricetulus curtatus,false,0.45807297069967495
Nosopsyllus consimilis,Apodemus speciosus,false,0.4577169986636615
Nosopsyllus consimilis,Spermophilus erythrogenys,true,0.457376321018392
Citellophilus tesquorum,Sicista tianshanica,true,0.45662665171631334
Corrodopsylla birulai,Dryomys nitedula,true,0.4565844212634379
Ctenophthalmus congener,Clethrionomys rutilus,false,0.4565627153152875
Megabothris rectangulatus,Microtus fortis,false,0.45645561523538414
Amphipsylla rossica,Spermophilus undulatus,true,0.4560174048864728
Paradoxopsyllus repandus,Spermophilus fulvus,true,0.45556871727801174
Xenopsylla gerbilli,Stylodipus telum,true,0.454939377195156
Leptopsylla segnis,Mesocricetus brandti,true,0.45455424113291776
Neopsylla pleskei,Microtus subterraneus,false,0.4545164613230343
Ctenophthalmus arvalis,Dipus sagitta,true,0.45445025550085927
Ctenophthalmus wagneri,Alticola argentatus,false,0.45443448763008654
Paramonopsyllus scalonae,Microtus juldaschi,false,0.45379565986238746
Amphipsylla vinogradovi,Microtus majori,false,0.453627040785577
Nosopsyllus consimilis,Microtus tatricus,false,0.45351943146013124
Leptopsylla taschenbergi,Microtus juldaschi,true,0.45323854901004035
Amphipsylla primaris,Apodemus fulvipectus,false,0.4531537073529722
Paraneopsylla ioffi,Spermophilus undulatus,false,0.4531453388285672
Wagnerina tuvensis,Apodemus peninsulae,true,0.45294033797379235
Amalaraeus penicilliger,Apodemus fulvipectus,false,0.4525875700911053
Stenoponia conspecta,Spermophilus fulvus,true,0.4519611265581843
Neopsylla mana,Microtus majori,false,0.45192798876009166
Wagnerina tuvensis,Microtus gregalis,false,0.45154151336855747
Amalaraeus penicilliger,Allactaga elater,true,0.4512903024287321
Paradoxopsyllus scorodumovi,Sicista tianshanica,false,0.45044865370453285
Neopsylla setosa,Meriones persicus,true,0.45010891748692083
Amphipsylla primaris,Sorex araneus,true,0.44912362828488195
Palaeopsylla soricis,Lemmus sibiricus,false,0.4489679614922898
Nosopsyllus consimilis,Microtus maximowiczii,false,0.44879697791298806
Amphipsylla kuznetzovi,Tamias sibiricus,true,0.4486549439624809
Frontopsylla hetera,Marmota caudata,false,0.4483372495190315
Echidnophaga oschanini,Blanfordimys afghanus,true,0.44796431567653044
Paradoxopsyllus dashidorzhii,Apodemus uralensis,false,0.4463717466401405
Frontopsylla elatoides,Allocricetulus curtatus,true,0.445786869229676
Ctenophthalmus arvalis,Stylodipus telum,true,0.4457693305551816
Amalaraeus penicilliger,Sorex daphaenodon,true,0.44530409410111305
Neopsylla mana,Mesocricetus brandti,false,0.4452247506849917
Ceratophyllus indages,Apodemus sylvaticus,false,0.44515349231087037
Megabothris rectangulatus,Cricetulus barabensis,true,0.444172942682999
Ctenophthalmus breviatus,Meriones tristrami,false,0.4432404534153227
Ctenophthalmus assimilis,Chionomys nivalis,false,0.44275641400627364
Neopsylla mana,Apodemus fulvipectus,false,0.4426730371585305
Nosopsyllus mokrzeckyi,Apodemus peninsulae,false,0.44246664905040495
Neopsylla mana,Microtus fortis,false,0.44212493424126736
Stenoponia conspecta,Microtus oeconomus,true,0.4420097860179591
Stenoponia suknevi,Spermophilus undulatus,false,0.44177309653369895
Neopsylla setosa,Pygeretmus pumilio,true,0.4415442399366242
Citellophilus tesquorum,Diplomesodon pulchellum,false,0.44150001684960877
Catallagia ioffi,Apodemus sylvaticus,false,0.4414975838510465
Nosopsyllus mokrzeckyi,Clethrionomys rutilus,false,0.44097415183882693
Catallagia ioffi,Sorex araneus,true,0.4406111513388296
Ctenophthalmus nobilis,Apodemus agrarius,false,0.44038677254603925
Amalaraeus ioffi,Cricetulus migratorius,false,0.44016266305702817
Catallagia striata,Cricetulus migratorius,false,0.44016266305702817
Megabothris bispinosa,Cricetulus migratorius,false,0.44016266305702817
Catallagia fetisovi,Cricetulus migratorius,false,0.44016266305702817
Pectinoctenus nemorosa,Chionomys gud,false,0.43961312546937986
Nosopsyllus consimilis,Crocidura leucodon,false,0.43924388632367556
Wagnerina schelkovnikovi,Apodemus peninsulae,false,0.43922292872618207
Coptopsylla bairamalensis,Spermophilus pygmaeus,false,0.43887704827178387
Frontopsylla hetera,Spermophilus erythrogenys,false,0.43861596444638734
Wagnerina tuvensis,Alticola semicanus,false,0.43830310937109823
Nosopsyllus consimilis,Phodopus campbelli,false,0.4382440120303497
Ctenophthalmus dolichus,Allactaga major,true,0.4382135209454761
Desertopsylla rothschildi,Cricetulus migratorius,true,0.43809306333739284
Amphipsylla primaris,Sicista tianshanica,true,0.43783156102115633
Rhadinopsylla rothschildi,Apodemus peninsulae,true,0.43755989048157073
Neopsylla mana,Talpa altaica,true,0.4375342436901472
Amalaraeus penicilliger,Marmota caudata,true,0.43733355476557884
Rhadinopsylla altaica,Apodemus uralensis,false,0.43713750227122794
Rostropsylla daca,Sorex minutissimus,false,0.43688677578759494
Peromyscopsylla bidentata,Cricetus cricetus,true,0.4367108176725487
Wagnerina longicauda,Microtus agrestis,true,0.4366384433614288
Catallagia dacenkoi,Apodemus sylvaticus,false,0.43643674022357626
Nosopsyllus consimilis,Sciurus vulgaris,false,0.43621285862966963
Frontopsylla luculenta,Apodemus flavicollis,false,0.43518320123714593
Pectinoctenus pavlovskii,Marmota sibirica,true,0.4346057178954519
Ctenophthalmus secundus,Clethrionomys rufocanus,false,0.43457386720487773
Leptopsylla taschenbergi,Microtus agrestis,false,0.43399577222504593
Hystrichopsylla microti,Apodemus uralensis,false,0.4337140554104404
Ctenophthalmus bisoctodentatus,Microtus oeconomus,true,0.4324919821318629
Amalaraeus penicilliger,Phodopus sungorus,true,0.43179252908981586
Citellophilus tesquorum,Eremodipus lichtensteini,false,0.43174631202606994
Citellophilus tesquorum,Apodemus mystacinus,false,0.43128986175839035
Ctenophthalmus breviatus,Blanfordimys afghanus,false,0.4310220149964914
Rhadinopsylla dahurica,Alticola strelzowi,false,0.4306432333124382
Ctenophthalmus teres,Apodemus uralensis,false,0.4306346744961097
Amphipsylla vinogradovi,Spermophilopsis leptodactylus,false,0.429945926750693
Hystrichopsylla talpae,Dryomys nitedula,true,0.4295715306281647
Peromyscopsylla fallax,Clethrionomys rutilus,false,0.42944839283830677
Nosopsyllus consimilis,Spermophilus relictus,false,0.42885673607202146
Peromyscopsylla bidentata,Sorex minutissimus,true,0.42849381590585317
Frontopsylla macrophthalma,Spermophilopsis leptodactylus,true,0.4279643203892671
Paradoxopsyllus scorodumovi,Mesocricetus brandti,false,0.4277964134538994
Leptopsylla taschenbergi,Clethrionomys rutilus,false,0.42775128411788654
Neopsylla galea,Cricetulus migratorius,false,0.4274293672202573
Wagnerina tuvensis,Micromys minutus,false,0.4271982470601963
Ctenophthalmus wagneri,Clethrionomys rufocanus,false,0.4267712138033361
Stenoponia tripectinata,Microtus gregalis,false,0.4260579640566806
Stenoponia ivanovi,Clethrionomys rutilus,true,0.4256296424408973
Amphipsylla rossica,Microtus juldaschi,false,0.4254564832165425
Frontopsylla hetera,Microtus socialis,false,0.4254055610427428
Stenoponia ivanovi,Apodemus flavicollis,true,0.4251295071276085
Citellophilus tesquorum,Calomyscus mystax,false,0.42475993874575774
Neopsylla pleskei,Ellobius tancrei,true,0.424726017665942
Ctenophthalmus hypanis,Clethrionomys glareolus,false,0.42471404924055556
Tarsopsylla octodecimdentata,Microtus subterraneus,false,0.4240653977115739
Neopsylla pleskei,Microtus transcaspicus,false,0.4240432312893917
Ceratophyllus sinicus,Cricetulus migratorius,true,0.42392292875583626
Rostropsylla daca,Cricetus cricetus,true,0.42320955065680516
Citellophilus tesquorum,Myospalax myospalax,false,0.42281310988896464
Amphipsylla vinogradovi,Mesocricetus brandti,false,0.42227851789993737
Nosopsyllus consimilis,Lemmus sibiricus,false,0.42220083927167107
Ctenophthalmus wagneri,Microtus juldaschi,false,0.42177311123152006
Ctenophthalmus nobilis,Clethrionomys rutilus,false,0.4216494403429392
Amphipsylla rossica,Microtus gregalis,true,0.4206820077224016
Ceratophyllus anisus,Clethrionomys rufocanus,true,0.42025312596461023
Frontopsylla elata,Marmota sibirica,true,0.42019899811353817
Nosopsyllus fidus,Microtus arvalis,true,0.42009795570765474
Frontopsylla protera,Alticola strelzowi,false,0.4194960251739183
Paraneopsylla ioffi,Microtus juldaschi,true,0.4194792121752827
Paramonopsyllus scalonae,Allactaga sibirica,true,0.4194748905040373
Paraneopsylla ioffi,Microtus arvalis,true,0.4191511594585501
Ctenophthalmus congeneroides,Apodemus uralensis,false,0.41891965282722987
Nosopsyllus aralis,Dipus sagitta,true,0.41870411810723107
Citellophilus tesquorum,Mesocricetus raddei,true,0.418420561451317
Ctenophthalmus wagneri,Meriones persicus,false,0.41816774012062224
Citellophilus tesquorum,Spermophilus parryii,false,0.41767019853727216
Paradoxopsyllus scorodumovi,Apodemus peninsulae,true,0.41742692777247353
Ctenophthalmus breviatus,Chionomys gud,false,0.417171796456267
Ctenophthalmus assimilis,Microtus fortis,false,0.4164882404842049
Paradoxopsyllus dashidorzhii,Cricetulus longicaudatus,true,0.4161397361786809
Ctenophthalmus assimilis,Sorex asper,true,0.4158381322367518
Amphipsylla rossica,Apodemus peninsulae,false,0.4157957181074698
Oropsylla ilovaiskii,Pygeretmus pumilio,true,0.4156142027544985
Ctenophthalmus acuminatus,Arvicola terrestris,true,0.4155912002080865
Amalaraeus arvicolae,Apodemus flavicollis,true,0.41526873239839746
Citellophilus trispinus,Allactaga major,true,0.4152035108872202
Stenoponia montana,Cricetulus migratorius,true,0.41472680548831653
Leptopsylla taschenbergi,Clethrionomys centralis,false,0.41456903721226956
Rhadinopsylla li,Spermophilus fulvus,true,0.41454679935993644
Nosopsyllus consimilis,Alticola macrotis,false,0.4137435342397666
Mesopsylla lenis,Spermophilopsis leptodactylus,true,0.4136820763414318
Rhadinopsylla rothschildi,Chionomys gud,false,0.41320878089847046
Xenopsylla gerbilli,Clethrionomys rufocanus,false,0.41303166003020175
Ctenophthalmus arvalis,Apodemus peninsulae,false,0.41269183196934506
Amphipsylla vinogradovi,Sicista tianshanica,false,0.4126449959691407
Ctenophthalmus breviatus,Mesocricetus brandti,false,0.4125115032789512
Megabothris rectangulatus,Microtus majori,false,0.4116017747474667
Citellophilus tesquorum,Marmota baibacina,true,0.41118956520355116
Frontopsylla hetera,Mesocricetus brandti,false,0.4111385088424947
Ctenophyllus armatus,Cricetulus migratorius,false,0.41076355027326655
Nosopsyllus consimilis,Marmota sibirica,false,0.4101255627631705
Citellophilus tesquorum,Neomys schelkovnikovi,false,0.40987199881212666
Neopsylla setosa,Spermophilus major,true,0.40907840387702793
Nosopsyllus mokrzeckyi,Dryomys nitedula,true,0.408965911816629
Citellophilus tesquorum,Marmota caudata,false,0.408822971302789
Paradoxopsyllus scorodumovi,Microtus gregalis,true,0.40874166451524097
Oropsylla alaskensis,Cricetulus migratorius,false,0.40858199007422075
Amphipsylla longispina,Marmota sibirica,true,0.40845776729534294
Amphipsylla marikovskii,Apodemus peninsulae,true,0.4080067636865794
Leptopsylla taschenbergi,Apodemus peninsulae,false,0.40788040505140993
Rhadinopsylla li,Microtus majori,false,0.40781526615455255
Frontopsylla elatoides,Apodemus sylvaticus,false,0.4073090261858214
Nosopsyllus consimilis,Spermophilopsis leptodactylus,true,0.4071033072365635
Citellophilus tesquorum,Microtus transcaspicus,false,0.40706834148667764
Citellophilus tesquorum,Myoxus glis,false,0.40681327011838064
Rhadinopsylla li,Chionomys gud,false,0.4063642668420446
Rhadinopsylla pseudodahurica,Apodemus peninsulae,true,0.4063430863299091
Amphipsylla sibirica,Micromys minutus,true,0.40626371236581355
Ctenophthalmus breviatus,Microtus majori,false,0.40605591384398126
Citellophilus tesquorum,Sorex asper,false,0.4059472222404809
Peromyscopsylla fallax,Apodemus flavicollis,true,0.40564004075409976
Frontopsylla elata,Sciurus vulgaris,true,0.4055642606610371
Desertopsylla rothschildi,Rhombomys opimus,true,0.40489614590615003
Neopsylla pleskei,Microtus fortis,true,0.404877200206824
Ctenophthalmus arvalis,Meriones persicus,false,0.4044902254204975
Callopsylla caspia,Sicista tianshanica,true,0.40448916645979655
Citellophilus trispinus,Blanfordimys afghanus,true,0.4044032634244243
Ctenophthalmus breviatus,Spermophilus xanthoprymnus,false,0.4041246810209118
Citellophilus tesquorum,Spermophilus suslicus,false,0.40390452409260397
Amphipsylla sibirica,Meriones libycus,false,0.4038391043504994
Amphalius runatus,Cricetulus migratorius,false,0.40354314742419933
Paradoxopsyllus repandus,Spermophilopsis leptodactylus,true,0.40297808043227606
Ctenophthalmus arvalis,Tamias sibiricus,true,0.4029480362435389
Neopsylla setosa,Blanfordimys afghanus,true,0.4028972936564224
Paradoxopsyllus scorodumovi,Marmota caudata,false,0.4028355893724156
Neopsylla bidentatiformis,Clethrionomys glareolus,false,0.4026356913696431
Ctenophthalmus arvalis,Pygeretmus pumilio,true,0.4025784544358471
Ctenophthalmus arvalis,Apodemus flavicollis,false,0.4024538496929846
Citellophilus tesquorum,Sciurus anomalus,false,0.4021083883394943
Ceratophyllus sciurorum,Neomys fodiens,true,0.401955941625927
Ctenophthalmus agyrtes,Tamias sibiricus,false,0.40183691570453356
Nosopsyllus consimilis,Sorex tundrensis,false,0.4015279760152833
Megabothris advenarius,Mesocricetus brandti,false,0.4010290645985918
Frontopsylla hetera,Meriones unguiculatus,true,0.40095943081435964
Stenoponia ivanovi,Cricetulus migratorius,true,0.40090838099869586
Rhadinopsylla dahurica,Apodemus sylvaticus,false,0.4007241249701674
Megabothris advenarius,Apodemus flavicollis,false,0.4001005758108726
Rhadinopsylla insolita,Cricetulus migratorius,false,0.4000542129450156
Amphipsylla prima,Microtus arvalis,true,0.39920793334194726
Ctenophthalmus secundus,Apodemus peninsulae,false,0.39883014672733874
Mesopsylla lenis,Dipus sagitta,true,0.39872810261727404
Xenopsylla cheopis,Clethrionomys rufocanus,false,0.39866681243345664
Paramonopsyllus scalonae,Marmota sibirica,true,0.3986646004967705
Ctenophthalmus assimilis,Microtus tatricus,true,0.39839350262050954
Megabothris walkeri,Sicista tianshanica,false,0.3981781208468231
Megabothris walkeri,Sorex minutissimus,true,0.3975363839676718
Ctenophthalmus pisticus,Clethrionomys glareolus,true,0.39745060315805236
Citellophilus tesquorum,Rattus turkestanicus,false,0.39737447909295914
Ctenophthalmus bogatschevi,Cricetulus migratorius,true,0.3973674865897301
Callopsylla caspia,Apodemus peninsulae,true,0.3972629068672003
Xenopsylla gerbilli,Microtus socialis,true,0.39725074699027063
Rhadinopsylla pentacantha,Clethrionomys rufocanus,false,0.39685062858154696
Ctenophthalmus breviatus,Microtus agrestis,true,0.3966563846014011
Frontopsylla protera,Microtus gregalis,true,0.39607751035865646
Ctenophthalmus agyrtes,Crocidura suaveolens,true,0.3954937096744111
Leptopsylla segnis,Microtus gregalis,true,0.3950449964218097
Nosopsyllus consimilis,Sorex caecutiens,false,0.39493858900855144
Nosopsyllus mokrzeckyi,Alticola argentatus,false,0.3944525236205833
Amphipsylla phaiomydis,Spermophilus undulatus,false,0.39431790153758195
Amphipsylla montana,Spermophilus undulatus,false,0.39431790153758195
Palaeopsylla soricis,Mesocricetus brandti,false,0.39396084022344513
Paramonopsyllus scalonae,Cricetulus barabensis,true,0.3937605911496697
Citellophilus tesquorum,Microtus kirgisorum,false,0.39351291132838817
Nosopsyllus consimilis,Sorex minutissimus,false,0.3930272100021713
Neopsylla mana,Microtus maximowiczii,false,0.39300397110522217
Amphipsylla rossica,Apodemus fulvipectus,true,0.3929642644030585
Neopsylla setosa,Meriones tristrami,true,0.39225053749842986
Citellophilus tesquorum,Crocidura suaveolens,false,0.39216424501396396
Pectinoctenus pectiniceps,Microtus oeconomus,true,0.3919252864874128
Nosopsyllus consimilis,Sorex roboratus,false,0.3918470477769169
Stenoponia ivanovi,Microtus agrestis,true,0.391711129723331
Ceratophyllus sciurorum,Clethrionomys rutilus,true,0.39147455757115474
Ctenophthalmus breviatus,Meriones vinogradovi,false,0.3909693001686685
Amphipsylla phaiomydis,Microtus arvalis,false,0.39083992106272153
Amphipsylla montana,Microtus arvalis,false,0.39083992106272153
Amalaraeus penicilliger,Blanfordimys afghanus,false,0.39056994460383804
Citellophilus tesquorum,Prometheomys schaposchnikowi,false,0.3904307327480901
Xenopsylla skrjabini,Apodemus peninsulae,false,0.38987507632282326
Ctenophthalmus wagneri,Spermophilus undulatus,false,0.38846943788478616
Nosopsyllus mokrzeckyi,Microtus juldaschi,false,0.3880903883879807
Citellophilus tesquorum,Muscardinus avellanarius,false,0.3880380146842109
Neopsylla teratura,Clethrionomys rutilus,false,0.38785595203098533
Mesopsylla tuschkan,Spermophilopsis leptodactylus,true,0.38766238549402116
Nosopsyllus turkmenicus,Clethrionomys rutilus,false,0.3876616568766445
Ctenophthalmus wagneri,Dryomys nitedula,false,0.38750729353461205
Neopsylla pleskei,Myoxus glis,false,0.38673976508158503
Hystrichopsylla microti,Apodemus sylvaticus,false,0.38668877030481325
Ctenophthalmus breviatus,Spermophilus erythrogenys,false,0.3861751529727158
Megabothris turbidus,Microtus juldaschi,false,0.3855363986146025
Amphipsylla vinogradovi,Marmota caudata,false,0.38553011951542554
Citellophilus tesquorum,Microtus middendorffi,false,0.3855072536326498
Citellophilus tesquorum,Sorex cinereus,false,0.3847443764382009
Nosopsyllus consimilis,Sorex isodon,false,0.3845434157878048
Ctenophthalmus breviatus,Clethrionomys rufocanus,false,0.38441203898796655
Ctenophthalmus breviatus,Apodemus fulvipectus,false,0.38424050141803884
Leptopsylla sicistae,Apodemus sylvaticus,false,0.3842159497997954
Ctenophthalmus orientalis,Clethrionomys rufocanus,false,0.38415238061045975
Nosopsyllus mokrzeckyi,Clethrionomys rufocanus,false,0.3841483762909473
Citellophilus tesquorum,Pteromys volans,true,0.38412431121807006
Doratopsylla dasycnema,Clethrionomys centralis,false,0.38405896805235773
Ctenophthalmus nobilis,Cricetulus migratorius,false,0.3839174373801338
Mesopsylla hebes,Spermophilopsis leptodactylus,true,0.38268055729424555
Pectinoctenus pavlovskii,Chionomys gud,false,0.3825471115602758
Peromyscopsylla bidentata,Sicista tianshanica,false,0.3824239781891762
Palaeopsylla soricis,Crocidura leucodon,true,0.38217369976312104
Ctenophthalmus wagneri,Apodemus peninsulae,false,0.38158256717648803
Peromyscopsylla silvatica,Meriones meridianus,false,0.3808274262836412
Amphipsylla vinogradovi,Microtus gregalis,true,0.38027984988845354
Hystrichopsylla satunini,Cricetulus migratorius,true,0.3799040844516953
Callopsylla caspia,Crocidura suaveolens,true,0.37966716725719607
Stenoponia vlasovi,Cricetus cricetus,true,0.37962262903475547
Ctenophthalmus orientalis,Apodemus peninsulae,false,0.3789287821456868
Frontopsylla elatoides,Mesocricetus brandti,false,0.378407895450549
Frontopsylla elatoides,Apodemus fulvipectus,false,0.37803582743968933
Frontopsylla elata,Dipus sagitta,true,0.3779199923132576
Frontopsylla ornata,Apodemus flavicollis,false,0.37752578533898506
Rhadinopsylla li,Microtus fortis,false,0.3774807655025364
Ctenophthalmus hypanis,Apodemus agrarius,false,0.37712278240436575
Megabothris rectangulatus,Sorex asper,false,0.37698504239137387
Nosopsyllus consimilis,Myopus schisticolor,false,0.3768975311232852
Frontopsylla ornata,Tamias sibiricus,false,0.37689054033717684
Synosternus longispinus,Cricetulus migratorius,true,0.37668508624403285
Atyphloceras nuperus,Apodemus agrarius,true,0.37578426795122755
Citellophilus tesquorum,Myospalax aspalax,true,0.37561904005851077
Mesopsylla hebes,Dipus sagitta,true,0.37514440652713693
Ctenophthalmus assimilis,Prometheomys schaposchnikowi,false,0.3751194908719752
Nosopsyllus consimilis,Myospalax aspalax,false,0.37503133083103196
Rhadinopsylla li,Sorex tundrensis,false,0.3749771725285895
Ctenophthalmus agyrtes,Alticola argentatus,false,0.3748195046870666
Peromyscopsylla fallax,Cricetulus migratorius,false,0.37476174814076635
Frontopsylla ornata,Sorex araneus,true,0.3746865486026164
Megabothris rectangulatus,Lemmus sibiricus,true,0.3740550567899756
Wagnerina longicauda,Clethrionomys rutilus,true,0.3737712951948653
Ctenophthalmus breviatus,Allactaga sibirica,true,0.373545783290011
Hystrichopsylla satunini,Microtus arvalis,true,0.3733493926034839
Neopsylla acanthina,Sorex araneus,true,0.37297666154818926
Hystrichopsylla talpae,Sciurus vulgaris,true,0.37279077081411044
Nosopsyllus consimilis,Neomys schelkovnikovi,true,0.3722922122458409
Coptopsylla lamellifer,Clethrionomys rutilus,false,0.37191891310314795
Rhadinopsylla li,Sorex asper,false,0.3717784768390542
Frontopsylla hetera,Phodopus campbelli,false,0.37149829228674364
Nosopsyllus consimilis,Eolagurus przewalskii,false,0.3708770842465311
Ctenophthalmus secundus,Clethrionomys rutilus,false,0.37060806554216047
Ctenophthalmus wagneri,Microtus gregalis,false,0.3700647363884476
Nosopsyllus fasciatus,Microtus agrestis,true,0.3698147054244108
Megabothris calcarifer,Mesocricetus brandti,false,0.36976792796584684
Xenopsylla skrjabini,Microtus socialis,true,0.3682130259019813
Atyphloceras nuperus,Clethrionomys rutilus,false,0.36755309052004054
Citellophilus tesquorum,Chionomys nivalis,false,0.367492984508592
Neopsylla meridiana,Spermophilus undulatus,false,0.367231505567706
Peromyscopsylla ostsibirica,Apodemus sylvaticus,false,0.36712659852887025
Ctenophthalmus dolichus,Pygeretmus pumilio,true,0.36668784116706155
Frontopsylla hetera,Apodemus fulvipectus,false,0.3664349718805992
Ctenophthalmus inornatus,Apodemus flavicollis,false,0.3659689242567641
Neopsylla mana,Nesokia indica,false,0.3654934259126049
Rhadinopsylla li,Neomys anomalus,false,0.3648384412904885
Wagnerina tuvensis,Sorex caecutiens,false,0.36455635482422927
Ctenophthalmus arvalis,Spermophilus major,false,0.36429548242212945
Amalaraeus penicilliger,Cricetulus longicaudatus,false,0.36390603502020574
Amphipsylla vinogradovi,Allocricetulus curtatus,true,0.36369190009959484
Amalaraeus arvicolae,Sorex araneus,true,0.36366008049488996
Frontopsylla elata,Sorex alpinus,false,0.3631450371092646
Rhadinopsylla angusta,Apodemus uralensis,true,0.3628549558132202
Megabothris walkeri,Spermophilopsis leptodactylus,false,0.36240726050370414
Ctenophthalmus wagneri,Meriones tristrami,false,0.3620805174753175
Citellophilus tesquorum,Sorex tundrensis,false,0.3615550386769258
Stenoponia tripectinata,Sorex caecutiens,false,0.3614172824749236
Paraneopsylla tiflovi,Spermophilus undulatus,false,0.3608458583390879
Paradoxopsyllus scorodumovi,Apodemus fulvipectus,false,0.3600876872668759
Paramonopsyllus scalonae,Chionomys gud,false,0.3600548869767542
Nosopsyllus consimilis,Meriones unguiculatus,false,0.3596910529292257
Leptopsylla nana,Clethrionomys rutilus,false,0.3596695762999389
Citellophilus tesquorum,Crocidura leucodon,false,0.35873126786296444
Ctenophyllus hirticrus,Apodemus uralensis,false,0.35862254105014146
Frontopsylla elatoides,Apodemus flavicollis,false,0.358577923655199
Ctenophthalmus agyrtes,Sorex minutissimus,true,0.35857618736576874
Megabothris turbidus,Crocidura suaveolens,true,0.3585272978315141
Ctenophthalmus inornatus,Clethrionomys glareolus,false,0.3584570137772614
Nosopsyllus consimilis,Meriones meridianus,true,0.35833183242712896
Echidnophaga oschanini,Microtus socialis,true,0.35830841302657584
Nosopsyllus consimilis,Sorex arcticus,false,0.35802311626211203
Ctenophthalmus pisticus,Apodemus uralensis,true,0.35783769742124155
Corrodopsylla birulai,Alticola strelzowi,false,0.35780779876214713
Neopsylla teratura,Microtus juldaschi,true,0.35739850055327754
Ctenophthalmus nobilis,Apodemus uralensis,false,0.35714309046289583
Amphipsylla primaris,Tamias sibiricus,true,0.35704373270923206
Ctenophthalmus arvalis,Chionomys gud,false,0.35695550535731524
Frontopsylla luculenta,Chionomys gud,false,0.35665762891535135
Atyphloceras nuperus,Sorex araneus,true,0.3564948236534258
Amphipsylla vinogradovi,Apodemus fulvipectus,false,0.3563716575403822
Coptopsylla bairamalensis,Clethrionomys rutilus,false,0.35632695762294536
Ctenophthalmus breviatus,Apodemus mystacinus,false,0.3561513516127401
Citellophilus tesquorum,Microtus tatricus,false,0.3560760306175628
Callopsylla caspia,Apodemus mystacinus,false,0.35606013957430066
Ctenophthalmus uncinatus,Sorex alpinus,true,0.3557867341019637
Ctenophthalmus teres,Sorex araneus,false,0.35557698443536884
Oropsylla ilovaiskii,Blanfordimys afghanus,false,0.3551197287382285
Neopsylla pleskei,Mesocricetus raddei,false,0.35510470645402953
Leptopsylla segnis,Clethrionomys centralis,false,0.3550069142251473
Nosopsyllus mokrzeckyi,Apodemus mystacinus,false,0.3549246246444489
Rostropsylla daca,Spermophilus undulatus,false,0.35490910478345583
Ctenophthalmus wagneri,Microtus subterraneus,false,0.35482915197381765
Ctenophthalmus secundus,Sorex araneus,false,0.3543028274444241
Frontopsylla ornata,Microtus oeconomus,true,0.3526537843921289
Neopsylla bidentatiformis,Arvicola terrestris,false,0.35251009593234434
Paradoxopsyllus repandus,Meriones tamariscinus,true,0.3524966057588563
Amphipsylla anceps,Clethrionomys rutilus,false,0.3521669275488314
Leptopsylla segnis,Meriones persicus,true,0.3519103599134763
Megabothris walkeri,Spermophilus undulatus,false,0.3518791594214648
Frontopsylla protera,Apodemus peninsulae,false,0.35045356103509656
Frontopsylla hetera,Lagurus lagurus,false,0.3504380786011008
Ctenophthalmus assimilis,Cricetulus barabensis,true,0.3501987721331027
Ctenophthalmus arvalis,Cricetus cricetus,true,0.35017600417089356
Ctenophthalmus wagneri,Apodemus mystacinus,false,0.350090773916987
Leptopsylla taschenbergi,Clethrionomys rufocanus,false,0.3496839680129785
Ctenophthalmus uncinatus,Sicista tianshanica,false,0.3495710490996221
Nosopsyllus mokrzeckyi,Clethrionomys centralis,false,0.3495613953859599
Megabothris calcarifer,Microtus majori,false,0.3494320941257024
Ctenophthalmus arvalis,Blanfordimys afghanus,false,0.349203413231254
Frontopsylla protera,Clethrionomys rufocanus,false,0.34913685158745084
Catallagia dacenkoi,Micromys minutus,true,0.34907212658658054
Ctenophthalmus obtusus,Clethrionomys rutilus,false,0.3490364592261421
Frontopsylla elata,Sorex roboratus,true,0.34898565038081
Doratopsylla dasycnema,Tamias sibiricus,true,0.34897209331893686
Ceratophyllus anisus,Clethrionomys glareolus,false,0.3488176918342807
Megabothris turbidus,Spermophilus undulatus,false,0.3484998340179525
Amalaraeus penicilliger,Alticola barakshin,false,0.34819678306966023
Frontopsylla elatoides,Microtus socialis,false,0.3479471776279919
Frontopsylla hetera,Meriones persicus,false,0.34740657344418163
Pectinoctenus pavlovskii,Microtus juldaschi,false,0.34689091895323126
Peromyscopsylla bidentata,Microtus juldaschi,false,0.34633894320222136
Ctenophthalmus breviatus,Sicista subtilis,true,0.3462755054708373
Frontopsylla hetera,Apodemus flavicollis,false,0.34617307457724594
Xenopsylla cheopis,Neomys fodiens,true,0.34615211981119
Citellophilus tesquorum,Sorex daphaenodon,false,0.3460007352453587
Leptopsylla segnis,Alticola argentatus,false,0.3459852380851259
Citellophilus tesquorum,Talpa altaica,false,0.3458935086123551
Ctenophthalmus dolichus,Clethrionomys rutilus,false,0.34510589317261764
Frontopsylla elatoides,Blanfordimys afghanus,false,0.34420942367405205
Nosopsyllus consimilis,Muscardinus avellanarius,false,0.34420781894468067
Ctenophthalmus agyrtes,Spermophilus undulatus,false,0.34414111149477306
Wagnerina tuvensis,Lasiopodomys brandtii,false,0.34413611621314455
Nosopsyllus fidus,Clethrionomys glareolus,false,0.3439495956332504
Ctenophthalmus orientalis,Clethrionomys rutilus,false,0.3439459263903228
Paradoxopsyllus dashidorzhii,Microtus arvalis,false,0.34375634136761934
Ctenophthalmus proximus,Mesocricetus brandti,true,0.34375453888161056
Amalaraeus arvicolae,Apodemus agrarius,true,0.3436535650572625
Frontopsylla elatoides,Marmota caudata,false,0.34357214403966874
Nosopsyllus consimilis,Meriones tamariscinus,true,0.3432828153820286
Rhadinopsylla dahurica,Chionomys gud,false,0.34317686542163267
Amalaraeus penicilliger,Microtus socialis,true,0.343158340913331
Megabothris asio,Microtus agrestis,true,0.342971113652604
Mesopsylla eucta,Spermophilus pygmaeus,true,0.3429653691371262
Megabothris calcarifer,Arvicola terrestris,true,0.34259992137513234
Nosopsyllus mokrzeckyi,Microtus agrestis,false,0.3425757966943603
Nosopsyllus consimilis,Sciurus anomalus,true,0.3419428670395081
Ctenophthalmus arvalis,Meriones tristrami,false,0.34193525978317557
Rhadinopsylla li,Microtus maximowiczii,false,0.34169919340405247
Oropsylla alaskensis,Microtus arvalis,false,0.3416547712624789
Hystrichopsylla talpae,Sorex tundrensis,true,0.3413149715608624
Oropsylla silantiewi,Microtus arvalis,true,0.34128033345820474
Ceratophyllus sciurorum,Alticola argentatus,true,0.3410567466706067
Ctenophyllus hirticrus,Alticola argentatus,true,0.3406560688761375
Amalaraeus dissimilis,Tamias sibiricus,true,0.3404985453832752
Xenopsylla persica,Apodemus peninsulae,false,0.34024672425983793
Coptopsylla olgae,Clethrionomys rutilus,false,0.3401797029700203
Neopsylla acanthina,Apodemus flavicollis,false,0.34015487007645057
Amphipsylla parthiana,Cricetulus migratorius,true,0.34014469711420914
Xenopsylla hirtipes,Allactaga major,true,0.33995551161624127
Ophthalmopsylla kiritschenkovi,Cricetulus migratorius,false,0.3390008165616883
Xenopsylla skrjabini,Blanfordimys afghanus,false,0.338785760199958
Atyphloceras nuperus,Cricetulus migratorius,false,0.33870372642372154
Paradoxopsyllus dashidorzhii,Allactaga sibirica,true,0.3386567274995447
Amalaraeus arvicolae,Clethrionomys rutilus,false,0.3386097005588068
Stenoponia suknevi,Microtus subterraneus,false,0.33851452525051456
Nosopsyllus consimilis,Talpa altaica,false,0.3382101566866122
Xenopsylla cheopis,Microtus socialis,true,0.33790510870057267
Amphipsylla georgica,Apodemus uralensis,true,0.3376828813954304
Neopsylla mana,Neomys anomalus,false,0.3376043140272112
Wagnerina schelkovnikovi,Microtus gregalis,false,0.33755449265295046
Frontopsylla macrophthalma,Dipus sagitta,true,0.3373101812318587
Stenoponia tripectinata,Clethrionomys centralis,false,0.3369961300135285
Nosopsyllus turkmenicus,Allactaga major,true,0.33640357772763657
Neopsylla abagaitui,Cricetulus migratorius,false,0.3363993354353975
Ctenophthalmus assimilis,Alticola macrotis,false,0.3359863239241592
Rhadinopsylla rothschildi,Clethrionomys centralis,false,0.33580534886455327
Frontopsylla elata,Rhombomys opimus,false,0.3355947731960771
Paradoxopsyllus dashidorzhii,Lasiopodomys brandtii,true,0.335502434673134
Frontopsylla ornata,Arvicola terrestris,true,0.33529961164578376
Citellophilus tesquorum,Apodemus speciosus,false,0.33524374779106886
Rostropsylla daca,Sicista tianshanica,false,0.33507786483180857
Callopsylla saxatilis,Apodemus sylvaticus,false,0.33486277419832894
Stenoponia vlasovi,Sicista tianshanica,false,0.3346365234784773
Neopsylla mana,Lemmus sibiricus,false,0.3345469963301114
Rhadinopsylla insolita,Microtus arvalis,false,0.3339161245979418
Nosopsyllus consimilis,Microtus kirgisorum,false,0.3337951159767812
Amphipsylla marikovskii,Apodemus uralensis,false,0.3334975944832031
Corrodopsylla birulai,Spermophilus relictus,false,0.3333671228883267
Amphipsylla longispina,Spermophilus erythrogenys,false,0.3333136284594759
Xenopsylla nuttalli,Microtus oeconomus,true,0.3332913859783297
Callopsylla caspia,Clethrionomys rufocanus,true,0.3331640695452519
Ctenophthalmus secundus,Chionomys gud,true,0.3330573137688053
Coptopsylla lamellifer,Allactaga major,true,0.33294078465615157
Neopsylla pleskei,Microtus evoronensis,false,0.3325923570348653
Neopsylla pleskei,Sorex asper,false,0.3324893137070415
Hystrichopsylla talpae,Chionomys gud,true,0.3322764796428919
Neopsylla bidentatiformis,Chionomys gud,false,0.3321953926107522
Pectinoctenus nemorosa,Tamias sibiricus,false,0.3320737704993934
Neopsylla mana,Microtus evoronensis,false,0.33169143965883846
Xenopsylla nuttalli,Talpa europaea,true,0.3314865996817173
Ctenophthalmus obtusus,Sorex araneus,true,0.33075788933009354
Xenopsylla skrjabini,Apodemus sylvaticus,false,0.32998409215330426
Tarsopsylla octodecimdentata,Microtus gregalis,true,0.32980299741729036
Frontopsylla protera,Microtus majori,false,0.3296980692584592
Ctenophthalmus hypanis,Arvicola terrestris,false,0.32957385985973714
Hystrichopsylla talpae,Microtus socialis,true,0.3287763278694512
Neopsylla pleskei,Calomyscus mystax,false,0.32877462736245006
Rhadinopsylla cedestis,Clethrionomys glareolus,false,0.3287398678653854
Ctenophthalmus proximus,Apodemus peninsulae,false,0.32864337193910687
Stenoponia conspecta,Apodemus peninsulae,false,0.32818405080490964
Nosopsyllus fidus,Clethrionomys rufocanus,false,0.3279314114678854
Frontopsylla protera,Apodemus fulvipectus,false,0.32678119179110676
Ctenophthalmus obtusus,Cricetulus migratorius,false,0.32662216086452256
Tarsopsylla octodecimdentata,Clethrionomys centralis,true,0.326379628771171
Citellophilus tesquorum,Sorex isodon,false,0.3259918298627418
Pectinoctenus pavlovskii,Meriones meridianus,true,0.3258935726302388
Amphipsylla rossica,Microtus subterraneus,true,0.32586493526015414
Nosopsyllus turkmenicus,Pygeretmus pumilio,true,0.32547004536833013
Ctenophthalmus bogatschevi,Apodemus uralensis,false,0.32533627724201514
Megabothris advenarius,Microtus majori,false,0.3251887386931541
Amalaraeus penicilliger,Apodemus mystacinus,true,0.3250519439051806
Paradoxopsyllus dashidorzhii,Phodopus sungorus,true,0.32502404148028624
Amphipsylla georgica,Microtus arvalis,true,0.32497036821385905
Neopsylla setosa,Meriones vinogradovi,true,0.3246164438176308
Amalaraeus dissimilis,Clethrionomys glareolus,false,0.3245850409520795
Ctenophthalmus congeneroides,Apodemus sylvaticus,false,0.32407657370825965
Ctenophthalmus breviatus,Crocidura suaveolens,true,0.32393379597816147
Stenoponia vlasovi,Sorex alpinus,false,0.32383012731089783
Leptopsylla segnis,Dryomys nitedula,true,0.32343993234624746
Coptopsylla olgae,Spermophilus pygmaeus,false,0.3232257167709871
Pectinoctenus pectiniceps,Microtus agrestis,false,0.322960932859978
Callopsylla saxatilis,Clethrionomys glareolus,false,0.3229113951791995
Frontopsylla hetera,Apodemus sylvaticus,false,0.32269919405928243
Paradoxopsyllus hesperius,Apodemus uralensis,false,0.3226697577582648
Ctenophthalmus wagneri,Clethrionomys centralis,false,0.3226136127982971
Hystrichopsylla microti,Microtus arvalis,false,0.32233945875069003
Callopsylla lagomys,Cricetulus migratorius,true,0.32213324627966133
Ctenophthalmus nobilis,Clethrionomys rufocanus,false,0.32202402623789717
Ctenophthalmus assimilis,Meriones vinogradovi,false,0.3215694468672488
Amalaraeus arvicolae,Cricetulus migratorius,false,0.32153861181528387
Stenoponia vlasovi,Sorex arcticus,false,0.32133633628962854
Citellophilus tesquorum,Neomys anomalus,false,0.32123837895570656
Stenoponia tripectinata,Alticola argentatus,false,0.3212292464452384
Amphipsylla marikovskii,Clethrionomys glareolus,false,0.32113036841530873
Wagnerina tuvensis,Dryomys nitedula,true,0.32107838902209657
Ctenophyllus hirticrus,Microtus arvalis,false,0.3208871133179014
Nosopsyllus consimilis,Sorex asper,false,0.3205670369439004
Stenoponia conspecta,Allactaga elater,true,0.32049950411431166
Pectinoctenus pavlovskii,Spermophilus erythrogenys,true,0.32021191536734284
Pectinoctenus nemorosa,Microtus oeconomus,true,0.3200866625122227
Leptopsylla taschenbergi,Spermophilus undulatus,false,0.3199228406246232
Amphipsylla marikovskii,Apodemus agrarius,true,0.3198595813760344
Megabothris walkeri,Microtus juldaschi,false,0.3198375248237584
Stenoponia tripectinata,Microtus subterraneus,false,0.31975164663659983
Ctenophthalmus breviatus,Ellobius talpinus,true,0.3193814442063558
Palaeopsylla soricis,Microtus evoronensis,false,0.3192966048607058
Ceratophyllus paradoxus,Cricetulus migratorius,false,0.3192822551491546
Neopsylla pleskei,Crocidura leucodon,false,0.31856467442418734
Nosopsyllus tersus,Clethrionomys rutilus,false,0.31771854016507434
Paradoxopsyllus teretifrons,Clethrionomys rutilus,false,0.31771854016507434
Frontopsylla semura,Dipus sagitta,false,0.3172288564603247
Paradoxopsyllus repandus,Dipus sagitta,true,0.3171888337365013
Amphipsylla longispina,Chionomys gud,false,0.31671794959704025
Ctenophthalmus orientalis,Apodemus fulvipectus,false,0.3166331197325452
Ctenophthalmus obtusus,Apodemus agrarius,true,0.31652895891803967
Rhadinopsylla pseudodahurica,Apodemus agrarius,true,0.31645863366352167
Ctenophthalmus breviatus,Alticola semicanus,false,0.3161910485126931
Paradoxopsyllus integer,Cricetulus migratorius,false,0.3159964371234589
Nosopsyllus consimilis,Pygeretmus pumilio,true,0.3157953528699261
Leptopsylla taschenbergi,Neomys fodiens,false,0.31559695845555436
Frontopsylla elata,Apodemus mystacinus,false,0.31537338212508154
Xenopsylla magdalinae,Clethrionomys rutilus,true,0.31524097329025813
Frontopsylla protera,Alticola semicanus,false,0.315206763578159
Rhadinopsylla li,Mesocricetus brandti,false,0.3151561698346514
Coptopsylla lamellifer,Pygeretmus pumilio,true,0.31511764461880126
Echidnophaga oschanini,Apodemus peninsulae,true,0.3147053131734686
Amphipsylla sibirica,Microtus juldaschi,false,0.3142127614984906
Hystrichopsylla orientalis,Clethrionomys rufocanus,false,0.31417434267617844
Ctenophthalmus dolichus,Stylodipus telum,true,0.31354679436612937
Ctenophthalmus uncinatus,Apodemus speciosus,false,0.313440113526319
Ctenophthalmus agyrtes,Cricetus cricetus,false,0.31320364764903186
Citellophilus ullus,Cricetulus migratorius,true,0.3131279249330547
Neopsylla pleskei,Sciurus vulgaris,true,0.31307576759099404
Frontopsylla ambigua,Spermophilus undulatus,false,0.3130477023657443
Ophthalmopsylla kukuschkini,Cricetulus migratorius,false,0.31267829137527164
Nosopsyllus consimilis,Sorex daphaenodon,false,0.312612322530346
Peromyscopsylla fallax,Clethrionomys rufocanus,false,0.31242067732397877
Hystrichopsylla talpae,Blanfordimys afghanus,false,0.31177293013720797
Xenopsylla nubica,Sorex caecutiens,false,0.3117345268952205
Frontopsylla protera,Micromys minutus,false,0.3115401912681598
Neopsylla bidentatiformis,Microtus juldaschi,false,0.31128002833786594
Neopsylla pleskei,Microtus tatricus,false,0.3099713039279782
Callopsylla caspia,Neomys fodiens,false,0.3098668448146479
Hystrichopsylla talpae,Mesocricetus brandti,true,0.30963286062563616
Citellophilus tesquorum,Alticola macrotis,false,0.30888344265750217
Ctenophthalmus proximus,Clethrionomys rutilus,false,0.30887470712793513
Pectinoctenus pavlovskii,Apodemus sylvaticus,false,0.308825508776422
Wagnerina schelkovnikovi,Clethrionomys centralis,false,0.3085911124557589
Rhadinopsylla rothschildi,Microtus majori,false,0.3083899258999162
Ctenophthalmus orientalis,Mesocricetus brandti,false,0.3081599789839815
Ctenophthalmus wagneri,Tamias sibiricus,false,0.308011453703893
Frontopsylla elatoides,Meriones persicus,false,0.30772009243103615
Citellophilus transcaucasicus,Apodemus sylvaticus,false,0.30767447730191694
Neopsylla mana,Apodemus mystacinus,false,0.30758199314361034
Ctenophthalmus arvalis,Mesocricetus brandti,false,0.30751559090100633
Frontopsylla elata,Microtus socialis,true,0.3070846056673327
Megabothris rectangulatus,Mesocricetus brandti,false,0.30690910569267615
Neopsylla mana,Phodopus campbelli,true,0.3063172020597277
Frontopsylla protera,Sorex minutus,false,0.306165322007285
Paradoxopsyllus scorodumovi,Sciurus vulgaris,true,0.3055395081569671
Amphipsylla schelkovnikovi,Clethrionomys rutilus,false,0.30525904706297446
Rhadinopsylla ucrainica,Clethrionomys rufocanus,false,0.3052163558467905
Paradoxopsyllus kalabukhovi,Cricetulus migratorius,false,0.30508902445684644
Amphipsylla kuznetzovi,Mesocricetus brandti,false,0.3048951706759605
Stenoponia sidimi,Cricetulus migratorius,true,0.30463707858254163
